 ,Airports,Auto Dealerships,Auto Shops,Banks,Bars,Big Box Stores,Casual Dining,Clothing Stores,Convenience Stores,Discount Stores,Drug Stores,Fast Food,Furniture Stores,Grocery,Gas Stations,Gyms,Hardware Stores,Hotels,Liquor Stores,Movie Theaters,Nail Salons,Offices,Pet Stores,Salons/Barbershops,Shopping Malls,Trails,Warehouse Stores,Wireless Carriers,Veterinarians,,,,
2020-02-19,100,100,100,100,100,100,100,100,100,100,100,100,100,100,100,100,100,100,100,100,100,100,100,100,100,100,100,100,100,,,,
2020-02-20,99.30855919,100.31149,99.99134126,100.2120732,100.172602,96.66393656,99.46439075,98.48490256,98.66392073,95.676052,96.64061104,99.77658797,99.58303314,98.55653817,99.76523636,100.0580267,100.1977768,100.6570824,99.50050787,99.5212319,98.82662454,99.90364387,99.68598947,99.09870621,98.67230277,100.214551,98.7379879,99.09609098,99.57502731,,,,
2020-02-21,98.91523375,100.6272351,100.0517712,99.54366673,99.84670561,94.8143856,95.68277709,97.02133856,97.40874222,92.870587,93.63999798,99.96809721,99.30167887,96.27117645,99.46469573,100.5100154,100.8740354,99.56337663,98.1735308,93.62952221,98.17395257,99.90663746,99.05422655,98.38306825,96.48581934,100.164078,98.28983693,98.33200783,99.34159767,,,,
2020-02-22,98.81274482,101.2129535,100.4180556,99.30271445,100.0625268,94.216787,95.30355937,96.47419317,97.26134742,93.056786,92.76275015,100.4630018,98.93106844,96.47865675,99.53392803,100.598624,101.38411,97.66441311,98.61541943,91.43633786,98.08716842,99.94238118,98.67730014,98.69739594,95.97403094,100.584055,98.89829685,98.14782277,99.74736812,,,,
2020-02-23,99.82886031,101.3212178,100.4903267,99.32737695,99.01339554,94.1329377,94.0535628,95.30010872,97.21190188,93.236514,92.56887733,100.5141051,97.60323415,96.75731954,99.59465675,100.4353388,101.6230138,95.17462033,98.28440786,88.43224117,98.09591529,99.65242615,98.17935641,98.85779915,94.73857012,100.784907,99.58035066,98.193703,99.7736825,,,,
2020-02-24,99.14587744,99.98269099,99.79684076,105.7401712,98.42151992,92.67396471,91.82339831,91.44904355,96.94816295,92.888611,91.98285726,99.86613964,93.27262394,96.07395466,99.14638757,101.1767047,99.90139297,94.28101925,98.1757729,84.27321923,97.65147014,103.8813142,96.08875354,98.36385612,91.42950168,97.404048,97.53214949,97.95321179,98.96753099,,,,
2020-02-25,97.51139789,99.66714033,99.60031072,103.0949368,98.64436003,93.00491645,92.66992558,91.50018212,96.94146979,93.527529,92.11749237,100.1598925,92.81012051,96.03369598,99.23215219,101.1016457,100.3050927,94.19640718,98.49941724,83.86290972,97.49398164,103.4376678,96.17126658,98.26820873,91.2234836,96.89756,98.00549524,97.97249604,98.80316163,,,,
2020-02-26,97.34727038,99.75303055,99.86688338,103.0900122,98.40961638,93.50166731,93.02018817,91.67009828,97.06326716,93.646181,92.35181641,100.8543183,92.45096099,95.84242165,99.40991579,100.5274239,100.6679647,93.69490943,98.87349452,83.96510536,97.93019938,102.9978281,96.22346173,98.31003957,91.33348496,96.25948,98.91561925,98.90118665,98.97768338,,,,
2020-02-27,97.54375907,100.440633,100.8119104,103.6128645,98.48032083,94.28184673,93.41220631,92.51903558,97.53852686,94.305008,92.77001574,101.8436445,92.66984781,95.97398484,100.0292456,100.6078398,101.6480719,93.52382859,99.08852697,83.86843619,98.60786689,102.5604751,96.81120793,98.96819125,91.80166559,96.461103,100.4911009,100.3121144,99.58215568,,,,
2020-02-28,97.80922575,100.9301233,101.5907125,106.3389007,98.61936071,94.97448274,93.63533833,92.74297898,98.14052719,95.438391,93.65115035,102.8126346,93.32403353,96.34807129,100.6085232,100.6654039,102.3086954,93.35663503,99.49559789,83.03371319,99.66507443,102.6107654,97.50355016,99.73380267,92.11935574,96.573259,102.2122585,102.3104148,100.2863319,,,,
2020-02-29,97.89721575,101.3877157,102.5889773,108.2939364,98.37964427,96.13071647,93.97364674,93.79518365,98.88957547,96.612315,95.17443163,103.8582121,94.12367447,96.65385217,101.369069,100.7505322,103.8314358,93.39673368,100.0268586,82.75684379,100.6068836,102.6507929,99.46481564,100.5885032,93.11073283,96.619195,104.7385266,104.0315476,100.8975768,,,,
2020-03-01,97.65752492,101.5274967,103.0542405,109.166053,98.49321629,97.66676673,94.87419563,95.02401158,99.53772334,97.539517,95.89452882,104.9011423,95.36586447,97.51411791,102.1722587,100.7917193,105.2014307,93.0374183,100.4922157,81.99239053,100.9582166,102.8592504,100.7799928,100.9300198,94.23751753,95.783606,107.5274169,105.0626526,101.1835222,,,,
2020-03-02,96.80884042,101.8525797,103.8016474,112.3031224,98.49073886,98.94493804,95.12312013,95.48133858,100.0587581,98.323871,96.92336341,105.8896505,96.18854964,98.23979683,102.6896201,100.8974355,106.0871809,92.67014987,100.8285267,81.62819723,100.9604447,102.6900978,101.622498,101.4789445,94.49512032,95.971709,110.6801256,106.2692257,102.0057873,,,,
2020-03-03,96.09811486,102.4143292,104.6725219,116.9002193,98.51115775,100.1416636,94.92820956,95.87973223,100.9210977,99.381267,98.07797518,107.0041243,97.325845,99.13971539,103.3737381,101.0871837,106.905779,92.07460621,101.3623853,81.31759457,101.9751862,102.5418788,102.410366,101.9726786,94.72959987,97.23695,113.149991,107.7121935,103.0422743,,,,
2020-03-04,95.33551595,102.563061,105.1420947,118.1503039,98.99046219,100.3156598,94.67562301,95.88237921,101.2591548,99.976113,98.90418947,107.300303,97.89147787,99.74703628,103.6486754,101.2254135,107.4259252,91.70079959,101.3003391,81.18176151,102.6816406,102.262279,102.652144,102.5417981,94.61440384,98.319681,114.4506036,107.666111,103.2113064,,,,
2020-03-05,94.27532154,102.9794973,105.4268815,119.8019413,99.2990003,100.6575102,94.62554033,95.45961199,101.5095897,100.75007,99.86518272,107.4789959,98.12820154,100.4385728,103.7404121,101.2010511,108.0017733,91.26935274,101.6059287,81.14568324,103.4360914,102.1231882,102.8946486,102.7050503,94.34243795,99.164362,115.4844979,107.3711967,103.5032148,,,,
2020-03-06,93.0020475,102.9911488,104.9415565,118.6134236,99.41813856,100.5097551,94.27616876,94.93771751,101.411073,100.243853,99.35638962,107.4941287,97.63646283,101.0037913,103.7690509,100.9519154,108.2900363,90.97945095,101.319105,81.42262029,104.1523027,101.5694526,102.3102733,102.1053715,93.65989592,99.522221,116.2033219,105.6212961,103.4037517,,,,
2020-03-07,93.34629414,102.5121515,104.7049716,115.884807,100.8848039,100.5568756,94.77247649,94.27264813,101.4694817,100.340054,99.6555518,108.1951403,96.88220635,102.3357247,104.582531,100.7238075,109.2740785,90.70941963,101.173717,82.43577905,104.0895452,101.9414333,101.0903531,101.8265552,92.80333103,100.389002,116.3677823,105.0621577,103.1688303,,,,
2020-03-08,92.7186846,102.4248978,104.662546,114.3192133,100.4847643,99.68990352,93.85009723,93.24304535,101.3903984,99.940157,99.36261475,108.8753442,95.13219761,103.1607062,105.4489464,100.0592731,109.4944648,90.50405964,101.4423573,80.95574349,103.1689831,101.908787,99.95770644,101.7783959,91.53711143,103.053234,115.0914706,104.3152648,103.0156534,,,,
2020-03-09,92.03415253,102.3782231,104.582856,112.9324157,100.5359046,99.52670631,93.77254685,93.32330579,101.4446894,100.022382,99.34176621,109.7065251,94.78198257,104.1730035,106.6265415,99.04067003,109.9763689,90.55692102,101.5113465,81.20032631,103.959376,101.3146566,99.69998641,101.6105781,91.47772314,105.178204,115.1110488,103.5471515,103.0323357,,,,
2020-03-10,91.82264238,102.076981,104.2634657,109.6806037,99.97648689,99.3844771,93.11547589,93.37775849,101.1344871,99.777494,99.29004205,109.9860972,94.40813162,105.0092514,107.2893034,98.1809829,110.1876086,90.55388081,101.5356477,80.58621495,103.6932403,99.99227526,99.23335535,101.5919293,91.43678587,104.917293,116.3307543,103.4075438,102.5970042,,,,
2020-03-11,90.7061872,102.3196442,104.3216895,108.7879471,99.47484757,100.3614627,92.71136824,93.45829708,101.4867234,100.723923,99.88944677,110.761365,94.3449109,106.9283349,108.5028604,97.4146508,110.9513827,90.5682323,101.9976344,80.27088617,104.1174221,98.89512808,99.33757754,102.2677127,91.51165478,105.730512,120.5541763,103.2404911,102.8058397,,,,
2020-03-12,89.15195674,101.4093757,103.8033543,107.3561896,98.24968782,103.2966902,91.52344375,92.55076672,102.4169276,103.419262,102.5979952,111.372816,93.92555703,111.6912714,109.9736315,95.43590667,112.1104491,89.69703477,103.843935,79.41520782,103.614955,96.90081102,99.97868724,102.4043317,91.36049546,105.740103,129.4137938,102.6723361,102.8755962,,,,
2020-03-13,87.16626421,100.3125373,103.3834567,107.1654727,95.98677627,107.6741807,88.80998361,90.98361536,103.7922829,107.838734,108.1892588,111.4287049,93.04682685,119.3425723,111.3805459,93.35817609,114.399787,87.45507197,107.3269205,75.80255075,102.7986441,94.90074758,101.7430429,102.9978798,90.88766296,105.407484,138.6668086,102.6211224,103.4401219,,,,
2020-03-14,81.9391922,98.36798057,102.1491925,105.9821111,95.03073853,108.8056303,84.55435779,85.49022964,103.5263394,110.446064,110.3409696,101.7223445,90.26420811,116.7076009,103.3358254,89.79586726,115.3733101,83.90357459,109.5287147,70.69614094,101.6948345,91.27551277,102.3131117,101.8840477,86.46866691,104.828883,133.4348734,101.5266819,103.0723864,,,,
2020-03-15,79.95770974,97.80499307,101.4300511,105.8690441,93.46818068,110.2021759,81.28870117,82.03625879,104.1804642,113.041545,113.5483386,100.2711077,89.09449162,120.6211778,103.2287158,88.20732467,117.4802283,81.58685109,111.479706,67.07458362,100.8966293,90.73877264,103.2631522,100.044039,83.94885835,103.857323,133.9945209,100.8798817,103.3142976,,,,
2020-03-16,76.89580393,97.1419471,101.0206402,107.5554684,91.77838393,113.1706776,78.58077963,79.54363534,105.3573598,116.030013,118.0628603,99.31418874,87.97911815,126.9684036,104.0797251,82.90934801,119.5292626,78.63037541,117.3288583,64.93898649,99.49242052,87.55129669,106.2252463,99.08113377,82.63295056,103.343905,139.3850271,100.4134361,104.4504501,,,,
2020-03-17,74.03122664,96.1863369,100.5111494,106.4420331,88.48642321,114.9338666,73.68170328,75.49565712,106.0704966,118.0108,121.0079598,97.40829223,85.58765471,131.7354401,104.4095457,75.24822523,121.4517721,74.99178901,122.2116237,59.667544,97.32362985,83.2256694,106.8909523,97.12476222,79.46200262,106.120028,141.290695,98.41357481,104.9964229,,,,
2020-03-18,70.09278502,95.02208411,99.66156023,104.9570299,83.28657996,115.8150534,67.67387003,70.55407098,106.2527568,118.817557,122.9775276,94.94728022,82.74131228,134.9073367,104.2468735,67.02166453,123.4133764,70.4920896,124.4149754,55.59903413,93.4819585,78.69808524,107.1911481,93.90274492,75.07555845,108.982652,139.9941109,96.33063293,104.526827,,,,
2020-03-19,64.99213731,93.70690311,98.54756881,103.3669291,77.75745013,114.1066812,61.47874465,65.36996507,105.3293941,117.368231,122.0265234,91.83864466,79.49841032,135.1755095,103.4683349,60.20048401,124.6939103,65.98502312,124.7830058,51.7945198,89.37630227,74.67554318,105.8193618,89.94268212,70.22159325,112.070776,133.7570283,93.62799493,103.6552955,,,,
2020-03-20,59.93695754,92.82201558,97.62493694,101.9137466,70.17059668,112.6472508,53.38103291,58.67171032,104.4670582,114.712399,120.7446236,89.29343726,74.47508977,134.3458204,102.7534209,54.56812521,126.4372585,60.64882265,125.4541703,45.16155401,83.90409356,72.01634048,104.0152668,85.49058803,64.01294173,116.06514,128.5487684,90.85453468,102.3765328,,,,
2020-03-21,55.01709658,89.78786324,95.94295787,100.7211054,59.60791447,109.9730697,43.49681776,48.57349001,102.2732009,111.286412,121.6899496,86.69681748,66.29014408,131.6072815,101.0383951,49.23656104,126.5369922,54.00843233,123.1615351,36.19264918,78.41286336,70.66438565,98.97813515,80.70573295,55.63588833,123.035107,123.3798184,85.32878456,100.6218329,,,,
2020-03-22,49.59666144,89.0787296,94.86019733,100.694132,52.86096526,108.841889,35.36590509,41.70166109,100.4822542,108.743527,123.4335538,84.84678698,60.24285503,129.7218785,99.48234247,45.47679262,127.5619807,49.42520602,121.0405363,30.07331356,75.97264699,70.11774273,94.88390064,77.92145727,50.10159711,127.794229,121.3396727,81.1811418,99.00478996,,,,
2020-03-23,45.26440445,86.41533917,93.27327279,96.0144041,49.02187518,106.5856321,31.56598717,37.36589045,98.56202288,106.231761,123.2332114,83.06949442,56.19933905,125.7569904,97.66764907,41.0203297,127.2974654,46.44502838,116.4696174,27.65903129,72.26410161,67.82835046,89.85833452,74.85070233,45.84922771,127.594387,115.8076222,78.08636114,96.36093638,,,,
2020-03-24,41.61728229,83.87238673,91.48163317,93.30046937,46.38290425,104.7667972,29.73731415,33.92691897,96.68134411,103.131403,123.6396289,81.95707006,52.67533108,122.2596366,96.09060407,38.86685116,126.5139171,43.9274531,111.9556434,26.11905929,68.92375431,66.01575757,86.51121659,71.22260578,43.04993002,128.204665,112.8143063,74.1306941,93.83967952,,,,
2020-03-25,38.92778144,81.44064487,89.79081625,91.05267342,45.09845579,103.0655326,28.4222867,31.2928015,94.9933513,100.665261,124.6570546,81.46585048,49.66865922,119.3002729,94.73350535,37.55296441,126.1180847,42.06847004,109.8929129,25.47883318,66.04424405,64.42318596,82.97042883,67.90643172,41.13165617,128.263181,109.3574445,70.52384267,91.88728656,,,,
2020-03-26,36.47647866,79.27841474,88.55466094,89.1388476,44.22676034,101.5866712,27.56608286,29.52724276,93.63347806,98.380481,126.2512085,81.65413237,47.04843343,116.3766536,93.72079481,36.69927458,126.7082006,40.7043476,108.0320273,24.8394373,63.8024056,63.27390053,80.24096921,65.29016866,39.76288422,130.684445,107.1082273,67.87371175,90.17629305,,,,
2020-03-27,34.24575958,77.47125197,87.1003256,87.01682892,43.73007346,99.34468164,27.31595825,28.30161492,92.02958481,96.091643,127.9176406,81.79877093,45.59971237,112.7103866,92.45387999,36.12858413,127.3660283,39.46602025,104.6889054,24.76781059,61.54326234,62.64460773,76.37323226,62.59297969,38.64083545,132.085653,102.886906,64.88542039,88.58772629,,,,
2020-03-28,31.49496009,74.5134505,85.58046176,83.80636843,42.13727138,95.91281553,26.84965446,26.60794553,88.85828587,92.013488,123.8599933,80.08274134,42.36672089,107.3356289,89.51217278,34.78084215,124.3155675,37.88011829,99.90609743,23.85412612,59.0805971,61.16393501,73.20478402,59.99373688,36.93392698,125.878681,98.42387181,62.59891119,87.28824897,,,,
2020-03-29,29.41422226,74.32855437,85.52755956,83.43395931,41.81030156,94.89310171,26.71971064,25.945982,87.85845356,90.664286,123.4467232,80.2901691,40.82602088,105.4633351,88.7197019,34.25303117,124.5715434,37.14730114,99.12847775,23.50431447,58.21094454,60.94762497,71.55463304,59.51520095,36.16761782,122.276769,96.74269811,62.44468467,87.04684734,,,,
2020-03-30,27.94300961,73.38098797,85.05555805,82.90993078,41.84911992,93.85738635,26.60314846,25.47906788,87.11798247,89.557605,122.5516895,80.43291943,40.12644549,103.7379949,88.25967748,33.8071034,125.6713604,36.60083196,98.26028863,23.47163883,57.22816762,60.15385282,70.3024934,58.8102695,35.81955631,124.828673,94.58339664,61.04025241,86.57750347,,,,
2020-03-31,26.99724761,72.88379602,84.98747501,85.21433921,41.80477027,94.12997427,26.59702899,25.30877731,86.90745539,89.40945,123.2949511,81.20164028,39.827889,103.433708,88.11664821,33.4550935,126.8164243,36.19596734,98.11878066,23.50568131,56.65258313,59.52090033,69.92412245,58.40211624,35.74823541,124.484357,95.04273506,60.70301774,86.55611256,,,,
2020-04-01,26.21593645,72.96709573,85.8175731,89.95198933,42.33436341,95.81618193,26.98485375,25.6315911,87.83666439,91.173787,125.895886,82.57856518,39.99907386,104.786851,89.13074123,33.68989515,128.8397125,36.24055888,100.0925986,23.66183775,57.31603911,59.71410885,70.93895789,59.02510995,36.10590325,125.464678,96.71646369,61.25020508,87.27573614,,,,
2020-04-02,25.6992312,73.26883142,86.48882942,93.92215546,42.7096642,97.19841384,27.30728818,26.00826506,88.81139378,93.125543,127.4870141,83.60048602,40.26543927,106.3131363,89.89256013,33.91603697,130.7299254,36.07730431,102.2400228,23.99406191,57.42002482,60.20985324,71.65494222,59.84825425,36.45295679,124.256326,98.71968142,61.78483243,88.17747983,,,,
2020-04-03,25.18667131,73.84939885,87.61707349,100.5276967,43.08744116,99.03224421,27.73183178,26.42312624,90.1785093,95.566319,129.9830101,85.25630544,40.69994166,108.280047,91.04966544,34.1257761,132.4096903,35.98099575,104.8349737,24.17076888,58.56218172,60.56990553,72.36856056,60.80670683,37.02839239,122.366585,100.0686465,62.63105295,88.74264243,,,,
2020-04-04,23.96181612,71.66127787,85.65053293,97.71804525,42.44363071,95.59618859,27.28246434,26.08205808,88.43069324,95.526472,126.3974356,83.3767426,40.25886762,105.8035604,89.00500531,33.51936175,129.5219505,35.02170251,103.9967359,23.77548609,57.75529593,59.1244964,73.00785658,59.55474982,36.13373677,124.693932,96.98832633,63.40152889,89.16087143,,,,
2020-04-05,23.39131412,72.00770857,85.68359052,97.39891374,42.78161765,94.31965154,27.44193237,26.25341029,88.76361345,96.79358,124.8352158,83.45816051,40.65591001,105.9833281,89.11103422,33.7292822,129.8149512,34.847226,104.671404,23.96504578,57.88430988,59.3729056,73.71136744,59.62849648,36.19154142,126.149815,96.80743219,63.73293375,89.56741765,,,,
2020-04-06,22.9501189,71.59136999,85.71818993,99.38413063,43.07966004,93.20707292,27.36837061,26.27280781,88.99161734,97.521411,123.7759737,83.62221452,40.45595555,105.6120434,89.17491384,33.99897224,129.8485596,34.83438176,104.9062091,24.16667463,57.92169715,59.394524,73.95412027,59.47963688,35.85147976,127.612954,96.18101439,63.90863498,89.74434013,,,,
2020-04-07,22.35044566,71.42178301,85.73861707,98.47461704,43.52044549,91.62048323,27.22264516,26.33573792,89.16329618,98.101479,122.6617701,83.57254773,40.45820637,104.9080803,89.4739297,34.21754566,130.7323652,34.94607017,105.670377,24.17527896,57.8931103,59.7277824,74.1025589,59.52403909,35.53710362,130.416841,94.45064891,64.1825223,90.42286066,,,,
2020-04-08,21.81369372,71.18450487,85.51402537,95.73897867,43.53413325,89.55537996,27.02605633,26.18571893,88.78303272,97.531964,120.1664152,83.09407869,40.16298097,103.8226921,89.13716796,34.1337207,131.0213659,34.81353035,105.3971025,24.25065665,57.47306456,59.8205057,73.57221507,58.62188754,35.27226103,130.702149,92.63185206,64.257032,90.64546503,,,,
2020-04-09,21.52196618,71.23927137,85.74324033,94.29479049,43.55106631,89.38575691,27.10279383,26.16410857,88.76351033,97.351944,119.7470326,83.36051753,40.30044803,103.9555548,89.22103997,34.0413704,131.6344042,34.72414459,105.6064881,24.26384033,58.07933909,59.7403425,73.92463246,57.96021468,35.19632852,129.043025,91.79719129,64.52438028,91.4129334,,,,
2020-04-10,21.27293887,71.44991491,85.76721924,90.101887,43.65270711,89.90812756,27.28606733,26.29685885,88.82412207,97.443811,119.8093196,83.57145899,40.38363926,104.7821735,89.30605046,33.96110307,133.3275139,34.63094248,106.339527,24.36904543,57.9280298,58.9610304,75.16114181,57.58606011,35.36289727,129.459988,92.13432494,64.1052941,91.7047389,,,,
2020-04-11,20.55548989,70.50612771,84.94538648,87.69481327,43.25494096,90.42114868,26.96822008,26.31546812,88.05895415,98.096565,120.5852702,83.14462207,39.77044214,104.7510881,88.48825499,33.75091126,131.5449145,34.28379625,105.9115316,24.24885268,57.90682728,57.90306425,74.94920112,57.10602996,35.17430083,128.627939,90.82792393,63.32357636,90.3775572,,,,
2020-04-12,20.09598604,70.00255778,83.46483908,86.73824892,42.93139995,87.73701905,27.19422205,25.35723717,86.96218879,94.538422,120.3309881,80.64923578,37.79817013,99.23015729,87.2394835,33.50908296,120.2906656,33.99827584,103.5086182,24.03697667,56.7399922,57.62791423,71.02248356,56.76202742,33.48886936,126.830751,79.50364414,61.10466774,89.50692407,,,,
2020-04-13,19.8476075,70.12787858,83.49186284,85.73986676,42.46959833,88.92032549,27.40095959,25.38894336,86.91888015,93.789924,120.8554553,81.13454455,37.97072365,99.27537976,87.55220635,33.16216143,121.5327088,33.86552602,103.0223813,23.83624262,56.66079327,57.55031263,71.85925288,56.79490835,33.71214618,123.618286,80.82606694,61.70420147,89.93103329,,,,
2020-04-14,19.8104096,70.58482904,84.19762488,86.59024418,42.44037783,90.0239053,27.86076308,25.49008715,87.1424217,93.664262,121.6173307,82.21847962,38.38156353,99.73728823,88.05053204,33.21460082,123.5235368,33.92696692,103.4343798,24.06377151,56.96438931,57.70552701,73.17386693,57.19621379,34.06912049,122.615726,82.35866895,62.52856568,90.60861019,,,,
2020-04-15,19.81270166,72.02791404,85.71524794,90.6775468,42.67503226,92.45081727,28.84873764,25.85680929,87.96757943,94.087701,123.5776544,84.55041085,39.44119733,100.5025249,89.0857832,33.35898935,126.6978381,34.10200714,104.5437604,24.12961944,57.6184951,57.74499897,75.51773793,58.24222944,34.49834326,121.779721,84.74956686,63.80867202,91.71768506,,,,
2020-04-16,19.85182752,73.43000053,87.08595879,92.87518301,43.03992787,93.64095358,29.40937429,26.16740107,88.55893184,94.209853,124.7973451,86.15681228,40.20851133,100.4535314,89.93481851,33.63941083,129.6925692,34.47532529,105.2603694,24.43315292,57.83690501,57.8967922,76.61875845,59.00323959,34.85708827,122.882846,86.35865766,64.44471966,92.51131963,,,,
2020-04-17,20.02499523,75.32052233,88.71607466,94.99366733,43.58493247,93.64495186,30.14177993,26.34432253,89.01619623,93.555457,124.6782178,87.89185991,41.02634656,99.54758855,90.87519938,33.9522391,132.3782196,35.01535386,106.444544,24.6455527,58.38425474,59.05009209,77.574413,59.4845342,35.10877473,123.685877,87.4170943,65.22448854,93.90709699,,,,
2020-04-18,19.80723258,75.7970685,88.44290859,93.7472752,43.01614926,91.95623605,30.35818749,25.97254226,87.71564043,89.66691058,120.7261281,87.84231158,41.09039245,95.7419663,90.17715601,33.31954723,133.3936402,34.85987848,104.6584975,24.42313791,57.61364424,58.05490319,77.48161103,58.61264752,34.57514843,120.563567,87.29661386,64.87881704,92.5732833,,,,
2020-04-19,19.95388039,76.85874921,90.68969921,94.72995049,43.72296739,95.84808106,30.74832637,27.08190393,88.92373128,91.96895804,122.1569657,91.7880668,43.34771968,100.4552678,91.94760218,33.66925263,148.2035309,35.37462842,107.7359263,24.75060588,58.72216512,58.336676,82.55022273,59.66464164,36.42364796,124.732961,99.30102028,66.23235058,93.9140289,,,,
2020-04-20,20.14596682,78.67337498,92.24832921,95.9672327,44.48360935,96.18817292,30.95957442,27.50737017,89.49639842,92.69424224,122.9878298,93.06939916,43.99237823,100.4822836,92.60095003,34.21829229,151.4328566,35.7032762,109.243385,25.12343522,59.11373872,58.64151043,83.43018004,60.27894308,36.62059589,128.690971,99.57152864,66.69356031,95.23949434,,,,
2020-04-21,20.1920731,79.987689,93.03080711,95.5889956,44.64477114,96.69640407,30.93947923,27.63607353,89.93206719,93.30120286,122.5124422,93.75552729,44.38103059,100.4696387,93.07003238,34.34279598,153.6782089,35.84878185,109.1002777,25.21435078,59.12144106,58.77221978,83.91737328,60.37166378,36.70807926,128.754981,100.0266556,66.98512579,95.83766471,,,,
2020-04-22,20.34730167,80.4802312,93.1224791,92.07446635,44.88832735,95.69532201,30.43091187,27.49412406,89.7343294,93.0935552,121.4855039,93.34795693,44.29634843,100.0661197,93.00890203,34.41220818,154.299911,35.9947293,108.8452376,25.34282637,58.87018339,59.12683549,83.24730559,60.2223154,36.6930117,129.58583,99.42330781,66.67607625,96.14048272,,,,
2020-04-23,20.36616503,81.25678848,93.2861849,90.35273326,45.05870241,95.20620558,30.12363216,27.48031983,89.71548491,92.7594409,121.353199,93.42367297,44.31226774,100.0274375,92.94240231,34.37027912,154.7801201,36.01944115,108.8702227,25.1830371,58.61110393,59.43631697,83.33996634,60.11635007,36.7001927,130.01669,98.99841186,66.63530178,96.20398457,,,,
2020-04-24,20.67379792,82.23991098,94.05219824,90.06729051,45.58455839,95.4374149,30.08663394,27.6512811,90.3916766,93.10504349,122.05796,94.70175291,44.62903914,100.4024212,93.76116666,34.67813835,156.4030038,36.30366603,109.6032718,25.5787637,59.05407741,59.8314656,83.71781687,60.52737044,36.94210605,131.000812,99.34958852,67.13820266,97.21849576,,,,
2020-04-25,20.33699900,81.57937059,92.9457107,88.29634732,45.37967356,93.88191046,29.41909491,27.52270383,89.60506828,92.222646,119.8774483,93.91776294,44.38733636,98.38392811,93.0540645,34.49808454,155.3212418,36.3430632,108.2241718,25.43137106,58.71863556,59.104461,82.42656276,60.00713286,36.39821356,132.721571,97.17075767,66.60940157,95.98307678,,,,
2020-04-26,20.53724641,81.71670863,93.01634023,88.36606294,45.22187494,94.92678144,29.3083642,27.7351693,90.17979499,93.276909,120.355688,94.88241223,44.88326627,99.13174183,93.74474158,34.41135245,157.0745385,36.4774828,107.8756447,25.4337589,59.08246332,58.9963688,82.7025333,60.28634848,36.58680187,130.149185,98.34619319,67.27004611,95.59934421,,,,
2020-04-27,20.59183483,82.49350371,93.57132894,88.68130744,45.28031985,95.42344542,29.40182887,27.67771185,90.53902087,93.647917,120.2751537,95.59471145,45.23993453,99.56538386,94.12904122,34.52519485,158.2572571,36.6489565,107.9202835,25.48099706,59.96040015,59.2773136,82.67813303,60.61473725,36.73493108,129.47799,99.12516999,67.73267905,95.93608391,,,,
2020-04-28,20.73748955,83.33826686,94.26624745,88.51258096,45.62842204,95.79074365,29.50805748,27.94260448,90.82913459,93.844761,121.0153254,96.56144255,45.54691997,99.84878075,94.44059296,34.7637974,159.5549603,37.11829553,108.6061044,25.62035277,61.37085448,59.6782522,82.80126995,61.15058746,37.00311137,130.72651,99.85157393,67.70195865,96.85769674,,,,
2020-04-29,20.84260622,84.18788861,94.96099888,88.61513526,45.59383619,96.42839492,29.61810433,28.2736913,91.18911208,93.878414,121.8826733,97.40982203,46.09026472,100.201413,94.71938207,34.66198802,160.9754162,37.39957791,108.6537644,25.68681673,62.32958166,59.8723628,83.23981499,61.39525401,37.1980233,130.43227,100.8503704,68.20104648,97.11311971,,,,
2020-04-30,21.31342425,85.85051486,96.20835044,90.58823822,45.96700898,97.84358476,30.17089665,28.71202104,92.30531282,95.171154,122.6947158,99.26987622,46.95538721,100.988263,95.9557919,34.88171291,162.938605,37.97320047,109.3219553,26.00994821,64.15673388,60.5080119,83.79206558,62.33384342,37.5904814,130.480702,102.341898,69.5007035,98.41012485,,,,
2020-05-01,21.90430958,87.91148143,98.71108764,97.07380993,47.38602211,99.94675223,31.12994159,30.0002622,94.78742898,97.825967,125.5868299,102.2150839,48.8048288,102.9317517,98.6038852,35.6327141,167.7559941,39.41225677,112.6765568,26.85033063,66.90544383,61.9573679,86.16061431,64.47664024,38.79407308,134.231834,104.1260798,72.37489792,101.2110524,,,,
2020-05-02,21.85219645,87.05000072,98.4023981,98.71035626,47.78362027,99.07924559,31.0751751,30.24194069,94.64401098,97.900768,123.8624135,101.9598498,49.50958627,101.4305227,98.55134783,35.36662966,167.0734424,40.22517508,111.4933869,27.07525155,67.13384702,61.4340658,85.67865967,64.61729007,38.79956506,134.476339,102.6482443,72.46665952,100.3126827,,,,
2020-05-03,22.1067651,87.61898392,99.40603614,100.5127549,48.89786389,99.31839543,31.48708157,30.78765006,95.71454451,98.59093,125.1831386,103.1108967,50.34361643,101.773951,99.67347958,35.77472145,169.5009767,41.20869427,112.7671367,27.65890449,67.44255344,61.8507939,86.59440417,65.37882716,39.28993706,139.835387,102.5558445,73.14621011,101.3933334,,,,
2020-05-04,22.49364415,88.94078006,100.5846544,102.6271265,49.51192826,100.1850712,32.03112029,31.54545961,96.33006568,99.522531,126.6550715,103.9000606,51.4512169,102.3177524,100.2019405,36.07453476,171.8203563,41.86195573,113.450012,27.9871184,68.54433864,62.5851699,88.07794325,66.58613011,39.96334342,140.644719,103.2088264,74.92260287,102.4395374,,,,
2020-05-05,22.58393293,90.13940443,101.6827914,105.3732535,50.24286785,101.0319015,32.73697833,32.36376324,97.25249334,100.704436,127.5728922,104.1813328,52.77598687,103.6662272,100.7902643,36.31415981,172.9995928,42.14459807,116.1561171,28.24991052,69.45668439,63.1661418,89.45972078,67.68619358,40.64967402,140.361029,103.4600805,76.14884213,103.2276875,,,,
2020-05-06,22.71935994,91.75960182,102.7047173,106.6358081,51.03955206,101.4312006,33.26871076,33.13439514,98.16205867,102.110308,127.7942445,104.2714525,53.59441223,104.0628762,101.5807565,36.86541981,174.6629597,42.60939217,116.3223404,28.63888355,70.73398932,63.9339504,90.46508272,68.99888608,41.29301412,141.79052,103.7560256,77.05758138,104.222473,,,,
2020-05-07,22.97206821,92.59615776,103.5643569,106.2391312,52.12189585,101.491853,33.69279511,33.98386675,99.07638942,102.980148,128.683601,104.1911297,54.4523271,104.3535058,102.3211043,37.5252209,176.5278411,43.19113899,116.5624773,29.10827127,71.49541043,64.7428868,91.47585769,70.11664953,41.98073399,146.090273,103.3399878,77.55215362,104.8136363,,,,
2020-05-08,23.16196331,93.57723048,103.5972731,102.6712244,52.39190846,102.109738,34.30696586,34.46484547,99.2105878,103.301839,129.203646,103.1923782,55.05821411,105.0502904,102.0027953,37.56573567,176.4928349,43.28447834,116.0439642,29.29370511,72.41580975,65.0048537,91.98872366,70.99668745,42.51021978,144.805051,104.9992406,77.2304846,104.9430326,,,,
2020-05-09,22.81572986,92.21666163,101.6822402,100.1226202,51.58271887,102.9256447,34.93251882,35.75859091,98.29335892,103.669914,131.0107937,101.2533514,55.9062344,106.0732236,100.0136189,37.03184132,173.5235801,42.70238582,115.1700733,28.96486981,72.72638979,63.673614,92.3919643,70.92799993,43.29592484,139.4164,105.5294886,77.09732682,103.4172813,,,,
2020-05-10,22.9185727,91.76721156,101.0285297,99.74833542,51.99807662,102.1779303,38.8677789,36.39042141,98.35888897,103.982489,131.1896444,99.88847344,56.07329877,107.2812747,99.63911784,37.11890599,168.6884936,42.54579571,116.2156401,29.19484782,73.3357794,63.7212759,91.288615,71.69155473,44.03950471,138.745079,103.9901213,78.38237348,103.2225503,,,,
2020-05-11,23.11261088,92.02193251,100.4301947,96.67941596,52.03698053,100.8000907,39.30086185,36.73183387,97.81464743,102.737305,128.8060082,98.45868735,56.18293747,106.1754854,99.37636754,37.03229435,166.3390889,42.43400843,114.9363443,28.982975,73.4921633,63.6890193,91.07862637,71.76338495,43.90831821,137.886524,102.4878845,77.44813208,103.2421613,,,,
2020-05-12,23.48153087,92.95533756,100.58478,96.31717032,52.34035397,99.99848877,39.73929831,37.25202097,97.35989787,101.809479,127.615229,97.99571128,56.72744583,104.7949777,99.35098795,37.24649384,165.9264634,42.67439782,112.2206866,29.15791089,73.31567367,64.2635511,91.3055457,72.60332641,44.05045471,139.170067,101.3243711,78.09059664,103.5367722,,,,
2020-05-13,23.86009327,93.35022175,100.7569912,96.80767102,52.94661224,99.36575738,40.36803912,37.75254718,97.09031948,101.062457,127.0164819,97.94475825,57.55551761,104.2869843,99.26837811,37.6772664,165.5467477,43.06527874,112.4379915,29.32203269,73.12518781,64.8122634,91.59809795,73.33072547,44.25144205,141.449324,100.2885852,78.85183003,104.0138659,,,,
2020-05-14,24.01213294,93.98886198,100.8266183,97.07437877,53.3160236,98.56609946,40.98998879,38.3125082,96.52054317,100.06778,125.5386015,97.67218238,58.16652402,103.6450355,98.94364081,37.89124167,164.9896636,43.43760878,112.6289193,29.35789567,72.87278177,65.092301,92.12140627,74.18547772,44.43371328,140.983957,99.36299889,79.38015505,104.5519913,,,,
2020-05-15,24.22090745,94.73808707,101.6211956,98.07429479,54.90653505,97.43701292,41.68572642,39.29982646,96.54072545,99.174212,124.063754,97.99221827,58.91733348,102.6195086,99.52331634,38.65923116,165.749992,44.37080368,113.2921379,29.77877698,72.69931905,65.8515446,92.1518261,75.25558161,44.77013036,144.058007,97.97017667,80.00774144,105.047833,,,,
2020-05-16,24.16508791,94.49689349,101.0831563,95.15013524,55.92110273,94.04191948,42.00928883,39.72834955,94.8896605,96.445008,118.8784641,96.56799551,58.7917277,98.24320223,98.49646378,38.63444789,163.4033071,45.47887584,111.2198802,30.12428004,72.27272467,65.4046368,90.44845372,75.6876886,44.18539366,146.469517,94.6397079,79.49438449,103.683158,,,,
2020-05-17,24.46667627,95.16823509,101.4802713,94.27082851,56.20195124,94.79021831,39.69040653,40.81025219,94.53463594,95.756747,117.6099059,96.88616111,60.54613747,96.83456681,98.53918214,38.73119038,167.5053015,46.28203467,110.0612932,30.28456537,72.97584802,65.3127181,92.30108761,75.71490898,44.3632166,145.832051,96.66443471,79.10727647,103.7044262,,,,
2020-05-18,24.74717445,95.61275974,102.05244,95.93316152,56.7799258,95.35526913,40.1996175,41.77385325,94.67977818,95.995152,118.1220036,97.30588738,61.81082785,97.26297247,98.58072495,39.50065707,168.9191435,46.82806746,110.8640815,30.88017625,73.30964253,65.9500543,92.48853398,76.89120719,45.01072511,145.933323,97.64733745,80.17915785,103.9474469,,,,
2020-05-19,24.90832836,96.01873418,102.3886887,94.90168233,57.25561776,95.61585723,40.83292083,42.53903374,94.90812945,96.277696,118.3161719,97.56670584,62.85857626,97.44984051,98.69479183,40.16001675,169.4100087,47.25490437,111.3982469,31.10273969,74.05134017,66.1404536,92.91150143,77.92959778,45.53234182,145.506373,97.83822534,79.82543497,104.1599273,,,,
2020-05-20,25.18716942,96.67128736,102.9679718,94.1192079,57.88798263,95.8283176,41.38247642,43.71795941,95.22649081,96.562592,118.6344399,97.83743955,63.78069499,97.69667518,99.04581772,40.87867552,169.6944351,47.64554647,112.1707244,31.39189437,75.00390895,66.3682755,93.50153008,79.30955673,46.26284593,144.731163,99.02580153,79.98617274,104.5087059,,,,
2020-05-21,25.65849903,96.93704645,103.3819079,93.67579134,58.91251636,96.03417983,42.16609668,45.19658934,95.77505879,96.894816,119.2024716,98.38141315,64.92121303,98.12119422,99.76907784,41.5959836,170.4046126,48.25590443,113.6173055,31.90568153,75.84889215,66.7046968,93.81254056,80.74996709,47.09569823,145.357797,99.8500477,80.55520989,105.0701973,,,,
2020-05-22,26.05508015,98.02921539,103.8961888,92.83352779,60.06839992,96.85324978,43.27415226,46.80597459,96.64812328,97.628212,119.4709125,98.96853252,66.61935312,99.38298881,100.6987428,42.09561435,171.6245689,49.46563241,114.9000288,32.18177545,76.46553153,66.5958384,94.8054466,82.0886845,48.34559932,146.254982,101.485376,81.04581009,105.9606549,,,,
2020-05-23,25.96079799,97.08378659,102.0778599,92.29020315,60.19833544,95.80860023,43.55885317,47.97998247,95.71598119,96.618239,118.1072167,97.36562315,67.44218553,98.50260915,100.1101287,41.75539123,168.636953,51.00730446,113.4534478,31.84729059,75.15599964,65.5197298,93.40625248,81.07024451,48.66860147,143.808709,100.3048316,79.2556205,104.4069664,,,,
2020-05-24,26.05348307,97.29991755,102.377673,93.05681439,62.62969054,95.44294928,44.53435164,49.66820706,96.36678388,97.175889,118.1124972,97.40167528,68.60915607,99.36072437,101.0002756,42.25671669,168.9204665,53.61722892,116.4525344,32.58741502,75.23240181,65.6946974,93.32570558,80.98598196,49.54770471,148.657537,99.82595767,78.93143454,104.9206217,,,,
2020-05-25,25.85700958,90.85859411,96.88267548,83.62232249,63.11946848,96.15300486,45.70222069,50.90609239,95.2193291,96.507367,116.7736872,96.17396599,68.96448486,100.1731768,99.9914499,40.95954276,169.7270485,53.8803447,115.8798939,31.84095226,72.79138261,59.626819,92.30277509,78.29481079,50.22215263,156.057943,92.59502043,76.3772137,97.61981374,,,,
2020-05-26,26.19385006,91.8023687,97.50308518,85.59274162,63.65446278,95.65523739,45.81924187,51.98083665,95.28516506,95.956371,116.4461743,95.70562412,69.51727472,99.81668373,100.3385563,41.40657059,170.3771446,54.2610045,115.533439,32.1497978,73.10645875,59.6840103,92.35742359,78.58974426,50.6570552,156.521443,92.92009615,77.09993294,98.21454698,,,,
2020-05-27,26.45539554,92.56053833,97.65752691,87.3353204,64.3185279,95.28088131,46.35567491,52.76732121,95.17057063,95.341551,115.7890169,95.4218557,70.05559606,99.17893479,100.2768907,41.86305092,170.0190267,54.75513348,114.8834589,32.31951908,72.7643024,59.9212965,92.34248795,78.55824271,51.02019219,156.239986,92.00612188,77.4024704,98.61402649,,,,
2020-05-28,26.57083966,93.85574401,98.24250101,88.74580259,64.77487091,95.23364225,47.08825614,53.48868607,95.03063009,95.146296,115.7781392,95.28105043,70.63269599,98.67471432,99.94409,42.35471361,169.5083982,55.07373482,113.9768383,32.41118681,73.47621345,60.3387302,93.00030499,78.71870248,51.49154175,155.044215,91.4980998,77.37418063,99.06633029,,,,
2020-05-29,26.69356803,94.75927629,98.92940574,90.76347316,65.99099537,94.91685523,48.09133398,54.42470921,95.24049881,94.885969,115.8710367,95.60263772,71.34242018,97.85557284,100.2559681,43.22163388,168.4291908,55.15362666,113.5672128,32.79699111,73.68521197,61.3570824,93.16405828,78.97589509,51.98373491,154.81002,90.99520515,77.87805174,99.86064725,,,,
2020-05-30,26.73705353,94.59980183,98.83375622,89.61782078,66.82503445,93.39016484,48.90027435,55.38786551,94.78060746,93.741024,114.2863234,95.57692348,71.21030925,95.65126937,99.84659262,43.6259324,165.5485013,54.53759016,112.1907216,33.06953741,74.06243034,61.2789784,93.08831602,78.95853599,52.22950792,153.574339,89.59421348,78.05803337,99.40459361,,,,
2020-05-31,27.26739376,94.36310368,99.23539136,89.26727459,66.61779015,92.08789913,49.6191998,55.62880152,94.73284605,92.72977,113.3967819,96.13747264,71.60591975,94.54969392,100.0697637,43.8702377,164.4291338,53.13819944,109.9394108,32.93477994,74.58361759,61.4506005,93.75041482,80.13129007,52.21383199,151.640527,89.60787279,78.51582706,99.34465379,,,,
2020-06-01,27.9740555,102.5636235,105.9362682,101.7885597,67.84368572,90.46373514,49.66223507,56.00282723,96.87619879,93.714308,114.877381,98.47091663,72.48848091,94.01459569,102.327414,46.89827891,163.9295206,54.16520234,111.6824161,34.09059738,78.1074869,68.4302835,95.75823781,84.09058692,52.24505031,146.728071,96.3115168,81.95979511,107.8153705,,,,
2020-06-02,28.07891607,102.1798255,105.9528619,101.9289617,69.02930133,89.95565557,50.38512994,56.72461253,97.48448592,94.391128,114.7193164,99.24142514,72.833265,94.47631768,102.8653019,47.92295314,163.0488722,54.93108125,112.2354801,34.18038703,79.11620947,69.2530458,96.30787513,85.09300231,52.40288825,148.143061,95.63499254,82.33825876,108.4416036,,,,
2020-06-03,28.25721474,102.0243002,106.4212025,102.9312751,70.01866917,89.89829279,51.14741278,57.59620951,98.31489062,95.197996,115.3686791,99.96044629,73.66928831,95.25536006,103.7472344,48.83759971,162.6922291,55.61619915,112.6725837,34.70891295,81.20709868,69.9361047,96.80688057,86.18313589,52.81931348,148.477837,95.48034988,82.71289941,108.9425627,,,,
2020-06-04,28.68306688,101.8989394,106.8395862,103.233957,71.26295237,89.65787299,51.63583006,58.42746078,98.97889028,95.486153,115.4776311,100.376747,74.62777557,95.70082055,104.7005734,49.69803446,162.4667175,56.41842838,113.0413366,35.11884217,82.24623773,70.3801462,97.07298735,87.1954399,53.36509029,149.709672,95.50047274,83.26684235,109.6081435,,,,
2020-06-05,29.33263373,101.9737694,107.3790693,103.5585521,72.66907883,90.07920133,52.6067956,59.595444,99.7455004,96.471188,116.1349967,100.9135865,75.83166232,96.65751551,105.4018696,50.19469097,162.5062134,57.66269326,114.5668352,35.49595492,84.27169807,70.80747,98.29592556,88.17277609,54.15608417,150.027279,95.96643183,84.39831956,110.2421638,,,,
2020-06-06,29.44667264,100.0152943,105.6042045,103.2262325,73.10267681,89.61186705,53.13622698,60.703944,99.00032771,95.91344,115.2963489,99.66723343,76.26364678,96.05177971,104.5843188,49.94631401,158.6298836,58.4751289,114.2623721,35.32208945,83.92813924,69.7210737,98.01328865,87.83314391,54.78516838,147.927359,96.11461919,84.58044766,107.8331065,,,,
2020-06-07,29.85498688,100.3186205,105.4638163,103.9168624,74.28470035,90.452095,54.20969759,62.352917,99.16612334,96.258204,116.1494426,99.57784647,77.64899925,96.48441692,104.647072,50.34685954,157.784362,59.32541338,114.050536,35.74070457,83.33316449,69.7781893,98.50344382,87.82592434,56.05647318,147.023318,96.82559802,85.10858636,108.0476164,,,,
2020-06-08,30.33678096,99.70270161,105.3887331,100.8677126,75.08436328,91.28505066,54.82176243,63.52980425,99.16136661,96.253307,116.7127789,99.01678908,78.85231941,96.50072557,104.5310384,50.79916465,156.9595755,59.79238655,113.5641382,35.97032574,83.83952205,69.8141636,99.12698637,87.57741636,57.24381999,147.606137,97.31315681,84.81915557,107.8065725,,,,
2020-06-09,30.37884794,98.64070491,103.960991,98.08983895,75.06666691,90.6535801,55.16375016,63.72024569,98.05998463,94.725794,115.2817045,97.84285099,79.16756816,95.19257607,103.4949554,50.95040511,154.247818,59.95905615,112.7510472,35.94667299,82.63710028,69.1030295,97.93540825,86.3572897,57.91174704,145.514392,96.28416698,82.77653455,106.5075578,,,,
2020-06-10,30.70462855,99.2057521,103.9691766,96.09006457,75.97979021,90.88596061,55.8366377,65.00888666,97.90477956,94.537649,114.8920195,97.63805787,80.5528186,94.92073672,103.2582928,51.59933538,153.698053,60.51727442,112.6554499,36.01689809,82.69353692,69.2732849,98.25191958,86.42743978,59.01727324,145.296056,96.70030697,82.42064354,106.8940588,,,,
2020-06-11,31.26820994,99.4938634,104.0811484,95.2278022,77.05935368,91.20840784,56.7143095,66.40684936,98.09111709,94.871011,114.7613091,97.84464948,81.84897294,94.99045217,103.5581813,52.11634184,153.3365608,61.29708021,113.1099795,36.43564038,83.27842435,69.6953223,98.93033942,86.67132998,60.13394995,145.555107,97.10360417,82.26844559,107.1338605,,,,
2020-06-12,31.83358119,100.0876106,104.8388491,94.72451431,79.00988347,91.50717119,57.7175094,68.16496086,98.733373,95.401373,115.3878628,98.40778121,83.46370711,95.24679215,104.379653,53.01110716,153.5837407,62.76349769,114.1590027,37.0919854,83.99720302,70.0020703,99.46353364,87.37285082,61.62036065,147.884401,97.75256349,82.6930033,106.9914882,,,,
2020-06-13,32.04610413,99.40201096,104.1202103,93.6133069,79.84695455,90.65722808,58.44435703,69.63537491,98.17232465,94.746646,114.0175362,97.81142986,84.25975456,94.05099493,103.7001763,53.07620329,151.2590649,64.08324623,113.3055757,37.46292428,83.8383512,69.2825578,98.18009535,86.85116608,62.53407658,149.159788,96.92381605,82.00663949,105.8455125,,,,
2020-06-14,32.50366308,99.60228124,104.2248805,93.59734862,80.73614917,90.57115046,59.40512794,70.70389334,98.36958367,94.371989,113.5362524,98.03230312,85.20690857,93.82419048,104.0206937,53.42932903,150.788021,65.41919205,113.3921368,37.80461958,83.5889949,69.3541492,97.87724718,86.91339753,63.52717146,150.631606,97.13452753,82.27901284,105.8718989,,,,
2020-06-15,33.07919808,100.4186204,104.4858989,93.75455711,81.20963112,90.46530603,59.9817579,71.78249216,98.50873313,94.59821,113.3972035,98.39099558,86.37597701,93.88919762,104.2497458,54.07014202,150.6205463,66.31181422,113.1492501,38.15033611,83.82420001,69.3899124,98.05427457,87.3137948,64.51621312,150.698288,97.64910817,82.81634052,106.2415709,,,,
2020-06-16,33.85739156,102.5306139,106.4708276,95.32268124,82.82816933,91.68472127,61.02765676,73.91606003,99.7692382,96.431213,115.1494464,99.71849675,88.71001959,95.22531995,105.5075504,55.42229735,152.7538947,67.54544369,114.8493944,38.8858579,85.75834696,70.6721408,99.66684552,89.31703433,65.9191426,153.294994,98.94304396,85.40136887,107.462036,,,,
2020-06-17,34.13322829,102.7388896,106.7060061,95.20621927,83.52233466,91.67303081,61.45763727,74.88764826,100.0781742,96.791234,115.5326166,99.99166042,89.70862559,95.48921373,105.8759088,56.15625611,152.9755073,68.25826041,115.5947981,39.16491919,86.17027447,70.9292931,99.88285905,89.89662841,66.7176573,155.285568,99.2462491,85.85463596,107.4083304,,,,
2020-06-18,34.58022103,102.9571981,106.6381198,95.0068928,83.99990252,91.72765187,61.7182668,75.70346392,100.244292,96.893451,115.9468555,100.1061803,90.49567834,95.7252836,105.9004773,56.91280612,153.0113725,68.90729913,115.52591,39.23978235,86.96023079,70.9383604,99.69327603,90.31828312,67.40360021,155.98905,99.41487992,86.33261907,107.2869291,,,,
2020-06-19,34.92174537,103.3087522,106.4883176,94.04328829,84.2026774,92.35875032,62.15725182,76.89540894,100.3515421,96.987199,116.3405256,100.2720669,91.10224495,96.37696582,105.9295972,57.46473724,152.7539799,69.44164252,115.3173595,39.36309144,87.17832968,71.0369047,99.94669477,90.46809783,68.25239695,155.328,100.5961491,85.91605022,108.0319915,,,,
2020-06-20,34.97557728,102.041429,105.0093976,93.31037197,83.53819435,92.70598943,62.03327999,78.1179399,99.86086056,97.244974,116.9953833,99.46112774,91.21676902,96.69726275,105.2019259,57.30330374,150.0583098,69.70942481,114.4887266,38.96195016,87.66574178,70.3099086,99.28900149,89.969763,68.87247286,152.696425,100.5500607,85.61233975,108.111428,,,,
2020-06-21,35.03659771,101.3744691,103.9334717,92.81453677,83.33349561,91.70565501,63.49057801,77.56029466,99.67550546,97.154873,117.1147997,97.91610675,89.66283475,96.99622224,104.6913457,57.16029855,145.6485266,69.78756359,115.4975587,38.65946909,87.54559189,70.1077345,97.98467401,89.41325471,68.58315989,150.647121,98.30188825,84.89235736,107.7383205,,,,
2020-06-22,35.32009708,100.8742656,103.0810052,91.62763458,83.01148607,91.10724657,63.48987761,77.27638865,99.10308876,96.0689,116.6745528,97.17130024,89.32914574,96.3230219,104.1890394,57.36487246,144.037752,70.02179553,115.1987304,38.45209663,87.48600394,69.8581863,97.16668929,88.96974053,68.37750809,149.577453,97.03757317,83.90766951,107.280986,,,,
2020-06-23,35.38009045,100.5336508,102.4311884,90.80425393,82.79230152,90.77371158,63.39788049,77.2222738,98.67927684,95.096793,116.3628639,96.78648749,88.94447142,96.02406122,103.8258535,57.57206302,142.732517,70.36814903,114.228709,38.42244147,87.72221853,69.7208212,96.59212466,88.66253901,68.41941953,148.63453,96.43773933,84.42548245,106.6550575,,,,
2020-06-24,35.65329051,100.5891207,102.2917308,90.54655291,82.80413262,90.40485602,63.58043526,77.13454288,98.45771494,94.373698,115.9252809,96.61722882,88.79527479,95.78977123,103.7471923,57.85432443,141.8700251,70.7536654,113.6203886,38.33503236,88.01420414,69.5735703,96.35838974,88.72617961,68.46089635,148.251008,97.08869849,84.7803201,106.6550554,,,,
2020-06-25,35.79939791,100.7076862,102.4614541,90.8414809,82.97692876,89.93087004,63.79062379,76.79294631,98.5071662,93.869647,115.3893019,96.55174052,88.67729525,95.58669029,103.9551063,58.2309967,141.2345916,71.09603483,113.5687393,38.41922329,87.89929887,69.7089519,96.5501539,88.62925424,68.44962702,148.685371,97.59131736,85.08784489,107.0676328,,,,
2020-06-26,36.04068209,100.8382083,102.7532516,92.03086248,82.89081723,89.43947594,63.9811801,76.01662073,98.71262107,93.276734,115.1256429,96.70967372,88.45723661,95.2675866,104.3841996,58.51835337,140.5209934,71.72002354,113.8579619,38.70404721,89.0396042,69.9811937,96.20544708,88.84111298,68.41235424,149.033048,97.46164803,85.88831972,106.6908552,,,,
,,,,,,,,,,,,,,,,,,,,,,,,,,,,,,,,,
,,,,,,,,,,,,,,,,,,,,,,,,,,,,,,,,,
,,,,,,,,,,,,,,,,,,,,,,,,,,,,,,,,,
,,,,,,,,,,,,,,,,,,,,,,,,,,,,,,,,,
,,,,,,,,,,,,,,,,,,,,,,,,,,,,,,,,,
,,,,,,,,,,,,,,,,,,,,,,,,,,,,,,,,,
,,,,,,,,,,,,,,,,,,,,,,,,,,,,,,,,,
,,,,,,,,,,,,,,,,,,,,,,,,,,,,,,,,,
,,,,,,,,,,,,,,,,,,,,,,,,,,,,,,,,,
,,,,,,,,,,,,,,,,,,,,,,,,,,,,,,,,,
,,,,,,,,,,,,,,,,,,,,,,,,,,,,,,,,,
,,,,,,,,,,,,,,,,,,,,,,,,,,,,,,,,,
,,,,,,,,,,,,,,,,,,,,,,,,,,,,,,,,,
,,,,,,,,,,,,,,,,,,,,,,,,,,,,,,,,,
,,,,,,,,,,,,,,,,,,,,,,,,,,,,,,,,,
,,,,,,,,,,,,,,,,,,,,,,,,,,,,,,,,,
,,,,,,,,,,,,,,,,,,,,,,,,,,,,,,,,,
,,,,,,,,,,,,,,,,,,,,,,,,,,,,,,,,,
,,,,,,,,,,,,,,,,,,,,,,,,,,,,,,,,,
,,,,,,,,,,,,,,,,,,,,,,,,,,,,,,,,,
,,,,,,,,,,,,,,,,,,,,,,,,,,,,,,,,,
,,,,,,,,,,,,,,,,,,,,,,,,,,,,,,,,,
,,,,,,,,,,,,,,,,,,,,,,,,,,,,,,,,,
,,,,,,,,,,,,,,,,,,,,,,,,,,,,,,,,,
,,,,,,,,,,,,,,,,,,,,,,,,,,,,,,,,,
,,,,,,,,,,,,,,,,,,,,,,,,,,,,,,,,,
,,,,,,,,,,,,,,,,,,,,,,,,,,,,,,,,,
,,,,,,,,,,,,,,,,,,,,,,,,,,,,,,,,,
,,,,,,,,,,,,,,,,,,,,,,,,,,,,,,,,,
,,,,,,,,,,,,,,,,,,,,,,,,,,,,,,,,,
,,,,,,,,,,,,,,,,,,,,,,,,,,,,,,,,,
,,,,,,,,,,,,,,,,,,,,,,,,,,,,,,,,,
,,,,,,,,,,,,,,,,,,,,,,,,,,,,,,,,,
,,,,,,,,,,,,,,,,,,,,,,,,,,,,,,,,,
,,,,,,,,,,,,,,,,,,,,,,,,,,,,,,,,,
,,,,,,,,,,,,,,,,,,,,,,,,,,,,,,,,,
,,,,,,,,,,,,,,,,,,,,,,,,,,,,,,,,,
,,,,,,,,,,,,,,,,,,,,,,,,,,,,,,,,,
,,,,,,,,,,,,,,,,,,,,,,,,,,,,,,,,,
,,,,,,,,,,,,,,,,,,,,,,,,,,,,,,,,,
,,,,,,,,,,,,,,,,,,,,,,,,,,,,,,,,,
,,,,,,,,,,,,,,,,,,,,,,,,,,,,,,,,,
,,,,,,,,,,,,,,,,,,,,,,,,,,,,,,,,,
,,,,,,,,,,,,,,,,,,,,,,,,,,,,,,,,,
,,,,,,,,,,,,,,,,,,,,,,,,,,,,,,,,,
,,,,,,,,,,,,,,,,,,,,,,,,,,,,,,,,,
,,,,,,,,,,,,,,,,,,,,,,,,,,,,,,,,,
,,,,,,,,,,,,,,,,,,,,,,,,,,,,,,,,,
,,,,,,,,,,,,,,,,,,,,,,,,,,,,,,,,,
,,,,,,,,,,,,,,,,,,,,,,,,,,,,,,,,,
,,,,,,,,,,,,,,,,,,,,,,,,,,,,,,,,,
,,,,,,,,,,,,,,,,,,,,,,,,,,,,,,,,,
,,,,,,,,,,,,,,,,,,,,,,,,,,,,,,,,,
,,,,,,,,,,,,,,,,,,,,,,,,,,,,,,,,,
,,,,,,,,,,,,,,,,,,,,,,,,,,,,,,,,,
,,,,,,,,,,,,,,,,,,,,,,,,,,,,,,,,,
,,,,,,,,,,,,,,,,,,,,,,,,,,,,,,,,,
,,,,,,,,,,,,,,,,,,,,,,,,,,,,,,,,,
,,,,,,,,,,,,,,,,,,,,,,,,,,,,,,,,,
,,,,,,,,,,,,,,,,,,,,,,,,,,,,,,,,,
,,,,,,,,,,,,,,,,,,,,,,,,,,,,,,,,,
,,,,,,,,,,,,,,,,,,,,,,,,,,,,,,,,,
,,,,,,,,,,,,,,,,,,,,,,,,,,,,,,,,,
,,,,,,,,,,,,,,,,,,,,,,,,,,,,,,,,,
,,,,,,,,,,,,,,,,,,,,,,,,,,,,,,,,,
,,,,,,,,,,,,,,,,,,,,,,,,,,,,,,,,,
,,,,,,,,,,,,,,,,,,,,,,,,,,,,,,,,,
,,,,,,,,,,,,,,,,,,,,,,,,,,,,,,,,,
,,,,,,,,,,,,,,,,,,,,,,,,,,,,,,,,,
,,,,,,,,,,,,,,,,,,,,,,,,,,,,,,,,,
,,,,,,,,,,,,,,,,,,,,,,,,,,,,,,,,,
,,,,,,,,,,,,,,,,,,,,,,,,,,,,,,,,,
,,,,,,,,,,,,,,,,,,,,,,,,,,,,,,,,,
,,,,,,,,,,,,,,,,,,,,,,,,,,,,,,,,,
,,,,,,,,,,,,,,,,,,,,,,,,,,,,,,,,,
,,,,,,,,,,,,,,,,,,,,,,,,,,,,,,,,,
,,,,,,,,,,,,,,,,,,,,,,,,,,,,,,,,,
,,,,,,,,,,,,,,,,,,,,,,,,,,,,,,,,,
,,,,,,,,,,,,,,,,,,,,,,,,,,,,,,,,,
,,,,,,,,,,,,,,,,,,,,,,,,,,,,,,,,,
,,,,,,,,,,,,,,,,,,,,,,,,,,,,,,,,,
,,,,,,,,,,,,,,,,,,,,,,,,,,,,,,,,,
,,,,,,,,,,,,,,,,,,,,,,,,,,,,,,,,,
,,,,,,,,,,,,,,,,,,,,,,,,,,,,,,,,,
,,,,,,,,,,,,,,,,,,,,,,,,,,,,,,,,,
,,,,,,,,,,,,,,,,,,,,,,,,,,,,,,,,,
,,,,,,,,,,,,,,,,,,,,,,,,,,,,,,,,,
,,,,,,,,,,,,,,,,,,,,,,,,,,,,,,,,,
,,,,,,,,,,,,,,,,,,,,,,,,,,,,,,,,,
,,,,,,,,,,,,,,,,,,,,,,,,,,,,,,,,,
,,,,,,,,,,,,,,,,,,,,,,,,,,,,,,,,,
,,,,,,,,,,,,,,,,,,,,,,,,,,,,,,,,,
,,,,,,,,,,,,,,,,,,,,,,,,,,,,,,,,,
,,,,,,,,,,,,,,,,,,,,,,,,,,,,,,,,,
,,,,,,,,,,,,,,,,,,,,,,,,,,,,,,,,,
,,,,,,,,,,,,,,,,,,,,,,,,,,,,,,,,,
,,,,,,,,,,,,,,,,,,,,,,,,,,,,,,,,,
,,,,,,,,,,,,,,,,,,,,,,,,,,,,,,,,,
,,,,,,,,,,,,,,,,,,,,,,,,,,,,,,,,,
,,,,,,,,,,,,,,,,,,,,,,,,,,,,,,,,,
,,,,,,,,,,,,,,,,,,,,,,,,,,,,,,,,,
,,,,,,,,,,,,,,,,,,,,,,,,,,,,,,,,,
,,,,,,,,,,,,,,,,,,,,,,,,,,,,,,,,,
,,,,,,,,,,,,,,,,,,,,,,,,,,,,,,,,,
,,,,,,,,,,,,,,,,,,,,,,,,,,,,,,,,,
,,,,,,,,,,,,,,,,,,,,,,,,,,,,,,,,,
,,,,,,,,,,,,,,,,,,,,,,,,,,,,,,,,,
,,,,,,,,,,,,,,,,,,,,,,,,,,,,,,,,,
,,,,,,,,,,,,,,,,,,,,,,,,,,,,,,,,,
,,,,,,,,,,,,,,,,,,,,,,,,,,,,,,,,,
,,,,,,,,,,,,,,,,,,,,,,,,,,,,,,,,,
,,,,,,,,,,,,,,,,,,,,,,,,,,,,,,,,,
,,,,,,,,,,,,,,,,,,,,,,,,,,,,,,,,,
,,,,,,,,,,,,,,,,,,,,,,,,,,,,,,,,,
,,,,,,,,,,,,,,,,,,,,,,,,,,,,,,,,,
,,,,,,,,,,,,,,,,,,,,,,,,,,,,,,,,,
,,,,,,,,,,,,,,,,,,,,,,,,,,,,,,,,,
,,,,,,,,,,,,,,,,,,,,,,,,,,,,,,,,,
,,,,,,,,,,,,,,,,,,,,,,,,,,,,,,,,,
,,,,,,,,,,,,,,,,,,,,,,,,,,,,,,,,,
,,,,,,,,,,,,,,,,,,,,,,,,,,,,,,,,,
,,,,,,,,,,,,,,,,,,,,,,,,,,,,,,,,,
,,,,,,,,,,,,,,,,,,,,,,,,,,,,,,,,,
,,,,,,,,,,,,,,,,,,,,,,,,,,,,,,,,,
,,,,,,,,,,,,,,,,,,,,,,,,,,,,,,,,,
,,,,,,,,,,,,,,,,,,,,,,,,,,,,,,,,,
,,,,,,,,,,,,,,,,,,,,,,,,,,,,,,,,,
,,,,,,,,,,,,,,,,,,,,,,,,,,,,,,,,,
,,,,,,,,,,,,,,,,,,,,,,,,,,,,,,,,,
,,,,,,,,,,,,,,,,,,,,,,,,,,,,,,,,,
,,,,,,,,,,,,,,,,,,,,,,,,,,,,,,,,,
,,,,,,,,,,,,,,,,,,,,,,,,,,,,,,,,,
,,,,,,,,,,,,,,,,,,,,,,,,,,,,,,,,,
,,,,,,,,,,,,,,,,,,,,,,,,,,,,,,,,,
,,,,,,,,,,,,,,,,,,,,,,,,,,,,,,,,,
,,,,,,,,,,,,,,,,,,,,,,,,,,,,,,,,,
,,,,,,,,,,,,,,,,,,,,,,,,,,,,,,,,,
,,,,,,,,,,,,,,,,,,,,,,,,,,,,,,,,,
,,,,,,,,,,,,,,,,,,,,,,,,,,,,,,,,,
,,,,,,,,,,,,,,,,,,,,,,,,,,,,,,,,,
,,,,,,,,,,,,,,,,,,,,,,,,,,,,,,,,,
,,,,,,,,,,,,,,,,,,,,,,,,,,,,,,,,,
,,,,,,,,,,,,,,,,,,,,,,,,,,,,,,,,,
,,,,,,,,,,,,,,,,,,,,,,,,,,,,,,,,,
,,,,,,,,,,,,,,,,,,,,,,,,,,,,,,,,,
,,,,,,,,,,,,,,,,,,,,,,,,,,,,,,,,,
,,,,,,,,,,,,,,,,,,,,,,,,,,,,,,,,,
,,,,,,,,,,,,,,,,,,,,,,,,,,,,,,,,,
,,,,,,,,,,,,,,,,,,,,,,,,,,,,,,,,,
,,,,,,,,,,,,,,,,,,,,,,,,,,,,,,,,,
,,,,,,,,,,,,,,,,,,,,,,,,,,,,,,,,,
,,,,,,,,,,,,,,,,,,,,,,,,,,,,,,,,,
,,,,,,,,,,,,,,,,,,,,,,,,,,,,,,,,,
,,,,,,,,,,,,,,,,,,,,,,,,,,,,,,,,,
,,,,,,,,,,,,,,,,,,,,,,,,,,,,,,,,,
,,,,,,,,,,,,,,,,,,,,,,,,,,,,,,,,,
,,,,,,,,,,,,,,,,,,,,,,,,,,,,,,,,,
,,,,,,,,,,,,,,,,,,,,,,,,,,,,,,,,,
,,,,,,,,,,,,,,,,,,,,,,,,,,,,,,,,,
,,,,,,,,,,,,,,,,,,,,,,,,,,,,,,,,,
,,,,,,,,,,,,,,,,,,,,,,,,,,,,,,,,,
,,,,,,,,,,,,,,,,,,,,,,,,,,,,,,,,,
,,,,,,,,,,,,,,,,,,,,,,,,,,,,,,,,,
,,,,,,,,,,,,,,,,,,,,,,,,,,,,,,,,,
,,,,,,,,,,,,,,,,,,,,,,,,,,,,,,,,,
,,,,,,,,,,,,,,,,,,,,,,,,,,,,,,,,,
,,,,,,,,,,,,,,,,,,,,,,,,,,,,,,,,,
,,,,,,,,,,,,,,,,,,,,,,,,,,,,,,,,,
,,,,,,,,,,,,,,,,,,,,,,,,,,,,,,,,,
,,,,,,,,,,,,,,,,,,,,,,,,,,,,,,,,,
,,,,,,,,,,,,,,,,,,,,,,,,,,,,,,,,,
,,,,,,,,,,,,,,,,,,,,,,,,,,,,,,,,,
,,,,,,,,,,,,,,,,,,,,,,,,,,,,,,,,,
,,,,,,,,,,,,,,,,,,,,,,,,,,,,,,,,,
,,,,,,,,,,,,,,,,,,,,,,,,,,,,,,,,,
,,,,,,,,,,,,,,,,,,,,,,,,,,,,,,,,,
,,,,,,,,,,,,,,,,,,,,,,,,,,,,,,,,,
,,,,,,,,,,,,,,,,,,,,,,,,,,,,,,,,,
,,,,,,,,,,,,,,,,,,,,,,,,,,,,,,,,,
,,,,,,,,,,,,,,,,,,,,,,,,,,,,,,,,,
,,,,,,,,,,,,,,,,,,,,,,,,,,,,,,,,,
,,,,,,,,,,,,,,,,,,,,,,,,,,,,,,,,,
,,,,,,,,,,,,,,,,,,,,,,,,,,,,,,,,,
,,,,,,,,,,,,,,,,,,,,,,,,,,,,,,,,,
,,,,,,,,,,,,,,,,,,,,,,,,,,,,,,,,,
,,,,,,,,,,,,,,,,,,,,,,,,,,,,,,,,,
,,,,,,,,,,,,,,,,,,,,,,,,,,,,,,,,,
,,,,,,,,,,,,,,,,,,,,,,,,,,,,,,,,,
,,,,,,,,,,,,,,,,,,,,,,,,,,,,,,,,,
,,,,,,,,,,,,,,,,,,,,,,,,,,,,,,,,,
,,,,,,,,,,,,,,,,,,,,,,,,,,,,,,,,,
,,,,,,,,,,,,,,,,,,,,,,,,,,,,,,,,,
,,,,,,,,,,,,,,,,,,,,,,,,,,,,,,,,,
,,,,,,,,,,,,,,,,,,,,,,,,,,,,,,,,,
,,,,,,,,,,,,,,,,,,,,,,,,,,,,,,,,,
,,,,,,,,,,,,,,,,,,,,,,,,,,,,,,,,,
,,,,,,,,,,,,,,,,,,,,,,,,,,,,,,,,,
,,,,,,,,,,,,,,,,,,,,,,,,,,,,,,,,,
,,,,,,,,,,,,,,,,,,,,,,,,,,,,,,,,,
,,,,,,,,,,,,,,,,,,,,,,,,,,,,,,,,,
,,,,,,,,,,,,,,,,,,,,,,,,,,,,,,,,,
,,,,,,,,,,,,,,,,,,,,,,,,,,,,,,,,,
,,,,,,,,,,,,,,,,,,,,,,,,,,,,,,,,,
,,,,,,,,,,,,,,,,,,,,,,,,,,,,,,,,,
,,,,,,,,,,,,,,,,,,,,,,,,,,,,,,,,,
,,,,,,,,,,,,,,,,,,,,,,,,,,,,,,,,,
,,,,,,,,,,,,,,,,,,,,,,,,,,,,,,,,,
,,,,,,,,,,,,,,,,,,,,,,,,,,,,,,,,,
,,,,,,,,,,,,,,,,,,,,,,,,,,,,,,,,,
,,,,,,,,,,,,,,,,,,,,,,,,,,,,,,,,,
,,,,,,,,,,,,,,,,,,,,,,,,,,,,,,,,,
,,,,,,,,,,,,,,,,,,,,,,,,,,,,,,,,,
,,,,,,,,,,,,,,,,,,,,,,,,,,,,,,,,,
,,,,,,,,,,,,,,,,,,,,,,,,,,,,,,,,,
,,,,,,,,,,,,,,,,,,,,,,,,,,,,,,,,,
,,,,,,,,,,,,,,,,,,,,,,,,,,,,,,,,,
,,,,,,,,,,,,,,,,,,,,,,,,,,,,,,,,,
,,,,,,,,,,,,,,,,,,,,,,,,,,,,,,,,,
,,,,,,,,,,,,,,,,,,,,,,,,,,,,,,,,,
,,,,,,,,,,,,,,,,,,,,,,,,,,,,,,,,,
,,,,,,,,,,,,,,,,,,,,,,,,,,,,,,,,,
,,,,,,,,,,,,,,,,,,,,,,,,,,,,,,,,,
,,,,,,,,,,,,,,,,,,,,,,,,,,,,,,,,,
,,,,,,,,,,,,,,,,,,,,,,,,,,,,,,,,,
,,,,,,,,,,,,,,,,,,,,,,,,,,,,,,,,,
,,,,,,,,,,,,,,,,,,,,,,,,,,,,,,,,,
,,,,,,,,,,,,,,,,,,,,,,,,,,,,,,,,,
,,,,,,,,,,,,,,,,,,,,,,,,,,,,,,,,,
,,,,,,,,,,,,,,,,,,,,,,,,,,,,,,,,,
,,,,,,,,,,,,,,,,,,,,,,,,,,,,,,,,,
,,,,,,,,,,,,,,,,,,,,,,,,,,,,,,,,,
,,,,,,,,,,,,,,,,,,,,,,,,,,,,,,,,,
,,,,,,,,,,,,,,,,,,,,,,,,,,,,,,,,,
,,,,,,,,,,,,,,,,,,,,,,,,,,,,,,,,,
,,,,,,,,,,,,,,,,,,,,,,,,,,,,,,,,,
,,,,,,,,,,,,,,,,,,,,,,,,,,,,,,,,,
,,,,,,,,,,,,,,,,,,,,,,,,,,,,,,,,,
,,,,,,,,,,,,,,,,,,,,,,,,,,,,,,,,,
,,,,,,,,,,,,,,,,,,,,,,,,,,,,,,,,,
,,,,,,,,,,,,,,,,,,,,,,,,,,,,,,,,,
,,,,,,,,,,,,,,,,,,,,,,,,,,,,,,,,,
,,,,,,,,,,,,,,,,,,,,,,,,,,,,,,,,,
,,,,,,,,,,,,,,,,,,,,,,,,,,,,,,,,,
,,,,,,,,,,,,,,,,,,,,,,,,,,,,,,,,,
,,,,,,,,,,,,,,,,,,,,,,,,,,,,,,,,,
,,,,,,,,,,,,,,,,,,,,,,,,,,,,,,,,,
,,,,,,,,,,,,,,,,,,,,,,,,,,,,,,,,,
,,,,,,,,,,,,,,,,,,,,,,,,,,,,,,,,,
,,,,,,,,,,,,,,,,,,,,,,,,,,,,,,,,,
,,,,,,,,,,,,,,,,,,,,,,,,,,,,,,,,,
,,,,,,,,,,,,,,,,,,,,,,,,,,,,,,,,,
,,,,,,,,,,,,,,,,,,,,,,,,,,,,,,,,,
,,,,,,,,,,,,,,,,,,,,,,,,,,,,,,,,,
,,,,,,,,,,,,,,,,,,,,,,,,,,,,,,,,,
,,,,,,,,,,,,,,,,,,,,,,,,,,,,,,,,,
,,,,,,,,,,,,,,,,,,,,,,,,,,,,,,,,,
,,,,,,,,,,,,,,,,,,,,,,,,,,,,,,,,,
,,,,,,,,,,,,,,,,,,,,,,,,,,,,,,,,,
,,,,,,,,,,,,,,,,,,,,,,,,,,,,,,,,,
,,,,,,,,,,,,,,,,,,,,,,,,,,,,,,,,,
,,,,,,,,,,,,,,,,,,,,,,,,,,,,,,,,,
,,,,,,,,,,,,,,,,,,,,,,,,,,,,,,,,,
,,,,,,,,,,,,,,,,,,,,,,,,,,,,,,,,,
,,,,,,,,,,,,,,,,,,,,,,,,,,,,,,,,,
,,,,,,,,,,,,,,,,,,,,,,,,,,,,,,,,,
,,,,,,,,,,,,,,,,,,,,,,,,,,,,,,,,,
,,,,,,,,,,,,,,,,,,,,,,,,,,,,,,,,,
,,,,,,,,,,,,,,,,,,,,,,,,,,,,,,,,,
,,,,,,,,,,,,,,,,,,,,,,,,,,,,,,,,,
,,,,,,,,,,,,,,,,,,,,,,,,,,,,,,,,,
,,,,,,,,,,,,,,,,,,,,,,,,,,,,,,,,,
,,,,,,,,,,,,,,,,,,,,,,,,,,,,,,,,,
,,,,,,,,,,,,,,,,,,,,,,,,,,,,,,,,,
,,,,,,,,,,,,,,,,,,,,,,,,,,,,,,,,,
,,,,,,,,,,,,,,,,,,,,,,,,,,,,,,,,,
,,,,,,,,,,,,,,,,,,,,,,,,,,,,,,,,,
,,,,,,,,,,,,,,,,,,,,,,,,,,,,,,,,,
,,,,,,,,,,,,,,,,,,,,,,,,,,,,,,,,,
,,,,,,,,,,,,,,,,,,,,,,,,,,,,,,,,,
,,,,,,,,,,,,,,,,,,,,,,,,,,,,,,,,,
,,,,,,,,,,,,,,,,,,,,,,,,,,,,,,,,,
,,,,,,,,,,,,,,,,,,,,,,,,,,,,,,,,,
,,,,,,,,,,,,,,,,,,,,,,,,,,,,,,,,,
,,,,,,,,,,,,,,,,,,,,,,,,,,,,,,,,,
,,,,,,,,,,,,,,,,,,,,,,,,,,,,,,,,,
,,,,,,,,,,,,,,,,,,,,,,,,,,,,,,,,,
,,,,,,,,,,,,,,,,,,,,,,,,,,,,,,,,,
,,,,,,,,,,,,,,,,,,,,,,,,,,,,,,,,,
,,,,,,,,,,,,,,,,,,,,,,,,,,,,,,,,,
,,,,,,,,,,,,,,,,,,,,,,,,,,,,,,,,,
,,,,,,,,,,,,,,,,,,,,,,,,,,,,,,,,,
,,,,,,,,,,,,,,,,,,,,,,,,,,,,,,,,,
,,,,,,,,,,,,,,,,,,,,,,,,,,,,,,,,,
,,,,,,,,,,,,,,,,,,,,,,,,,,,,,,,,,
,,,,,,,,,,,,,,,,,,,,,,,,,,,,,,,,,
,,,,,,,,,,,,,,,,,,,,,,,,,,,,,,,,,
,,,,,,,,,,,,,,,,,,,,,,,,,,,,,,,,,
,,,,,,,,,,,,,,,,,,,,,,,,,,,,,,,,,
,,,,,,,,,,,,,,,,,,,,,,,,,,,,,,,,,
,,,,,,,,,,,,,,,,,,,,,,,,,,,,,,,,,
,,,,,,,,,,,,,,,,,,,,,,,,,,,,,,,,,
,,,,,,,,,,,,,,,,,,,,,,,,,,,,,,,,,
,,,,,,,,,,,,,,,,,,,,,,,,,,,,,,,,,
,,,,,,,,,,,,,,,,,,,,,,,,,,,,,,,,,
,,,,,,,,,,,,,,,,,,,,,,,,,,,,,,,,,
,,,,,,,,,,,,,,,,,,,,,,,,,,,,,,,,,
,,,,,,,,,,,,,,,,,,,,,,,,,,,,,,,,,
,,,,,,,,,,,,,,,,,,,,,,,,,,,,,,,,,
,,,,,,,,,,,,,,,,,,,,,,,,,,,,,,,,,
,,,,,,,,,,,,,,,,,,,,,,,,,,,,,,,,,
,,,,,,,,,,,,,,,,,,,,,,,,,,,,,,,,,
,,,,,,,,,,,,,,,,,,,,,,,,,,,,,,,,,
,,,,,,,,,,,,,,,,,,,,,,,,,,,,,,,,,
,,,,,,,,,,,,,,,,,,,,,,,,,,,,,,,,,
,,,,,,,,,,,,,,,,,,,,,,,,,,,,,,,,,
,,,,,,,,,,,,,,,,,,,,,,,,,,,,,,,,,
,,,,,,,,,,,,,,,,,,,,,,,,,,,,,,,,,
,,,,,,,,,,,,,,,,,,,,,,,,,,,,,,,,,
,,,,,,,,,,,,,,,,,,,,,,,,,,,,,,,,,
,,,,,,,,,,,,,,,,,,,,,,,,,,,,,,,,,
,,,,,,,,,,,,,,,,,,,,,,,,,,,,,,,,,
,,,,,,,,,,,,,,,,,,,,,,,,,,,,,,,,,
,,,,,,,,,,,,,,,,,,,,,,,,,,,,,,,,,
,,,,,,,,,,,,,,,,,,,,,,,,,,,,,,,,,
,,,,,,,,,,,,,,,,,,,,,,,,,,,,,,,,,
,,,,,,,,,,,,,,,,,,,,,,,,,,,,,,,,,
,,,,,,,,,,,,,,,,,,,,,,,,,,,,,,,,,
,,,,,,,,,,,,,,,,,,,,,,,,,,,,,,,,,
,,,,,,,,,,,,,,,,,,,,,,,,,,,,,,,,,
,,,,,,,,,,,,,,,,,,,,,,,,,,,,,,,,,
,,,,,,,,,,,,,,,,,,,,,,,,,,,,,,,,,
,,,,,,,,,,,,,,,,,,,,,,,,,,,,,,,,,
,,,,,,,,,,,,,,,,,,,,,,,,,,,,,,,,,
,,,,,,,,,,,,,,,,,,,,,,,,,,,,,,,,,
,,,,,,,,,,,,,,,,,,,,,,,,,,,,,,,,,
,,,,,,,,,,,,,,,,,,,,,,,,,,,,,,,,,
,,,,,,,,,,,,,,,,,,,,,,,,,,,,,,,,,
,,,,,,,,,,,,,,,,,,,,,,,,,,,,,,,,,
,,,,,,,,,,,,,,,,,,,,,,,,,,,,,,,,,
,,,,,,,,,,,,,,,,,,,,,,,,,,,,,,,,,
,,,,,,,,,,,,,,,,,,,,,,,,,,,,,,,,,
,,,,,,,,,,,,,,,,,,,,,,,,,,,,,,,,,
,,,,,,,,,,,,,,,,,,,,,,,,,,,,,,,,,
,,,,,,,,,,,,,,,,,,,,,,,,,,,,,,,,,
,,,,,,,,,,,,,,,,,,,,,,,,,,,,,,,,,
,,,,,,,,,,,,,,,,,,,,,,,,,,,,,,,,,
,,,,,,,,,,,,,,,,,,,,,,,,,,,,,,,,,
,,,,,,,,,,,,,,,,,,,,,,,,,,,,,,,,,
,,,,,,,,,,,,,,,,,,,,,,,,,,,,,,,,,
,,,,,,,,,,,,,,,,,,,,,,,,,,,,,,,,,
,,,,,,,,,,,,,,,,,,,,,,,,,,,,,,,,,
,,,,,,,,,,,,,,,,,,,,,,,,,,,,,,,,,
,,,,,,,,,,,,,,,,,,,,,,,,,,,,,,,,,
,,,,,,,,,,,,,,,,,,,,,,,,,,,,,,,,,
,,,,,,,,,,,,,,,,,,,,,,,,,,,,,,,,,
,,,,,,,,,,,,,,,,,,,,,,,,,,,,,,,,,
,,,,,,,,,,,,,,,,,,,,,,,,,,,,,,,,,
,,,,,,,,,,,,,,,,,,,,,,,,,,,,,,,,,
,,,,,,,,,,,,,,,,,,,,,,,,,,,,,,,,,
,,,,,,,,,,,,,,,,,,,,,,,,,,,,,,,,,
,,,,,,,,,,,,,,,,,,,,,,,,,,,,,,,,,
,,,,,,,,,,,,,,,,,,,,,,,,,,,,,,,,,
,,,,,,,,,,,,,,,,,,,,,,,,,,,,,,,,,
,,,,,,,,,,,,,,,,,,,,,,,,,,,,,,,,,
,,,,,,,,,,,,,,,,,,,,,,,,,,,,,,,,,
,,,,,,,,,,,,,,,,,,,,,,,,,,,,,,,,,
,,,,,,,,,,,,,,,,,,,,,,,,,,,,,,,,,
,,,,,,,,,,,,,,,,,,,,,,,,,,,,,,,,,
,,,,,,,,,,,,,,,,,,,,,,,,,,,,,,,,,
,,,,,,,,,,,,,,,,,,,,,,,,,,,,,,,,,
,,,,,,,,,,,,,,,,,,,,,,,,,,,,,,,,,
,,,,,,,,,,,,,,,,,,,,,,,,,,,,,,,,,
,,,,,,,,,,,,,,,,,,,,,,,,,,,,,,,,,
,,,,,,,,,,,,,,,,,,,,,,,,,,,,,,,,,
,,,,,,,,,,,,,,,,,,,,,,,,,,,,,,,,,
,,,,,,,,,,,,,,,,,,,,,,,,,,,,,,,,,
,,,,,,,,,,,,,,,,,,,,,,,,,,,,,,,,,
,,,,,,,,,,,,,,,,,,,,,,,,,,,,,,,,,
,,,,,,,,,,,,,,,,,,,,,,,,,,,,,,,,,
,,,,,,,,,,,,,,,,,,,,,,,,,,,,,,,,,
,,,,,,,,,,,,,,,,,,,,,,,,,,,,,,,,,
,,,,,,,,,,,,,,,,,,,,,,,,,,,,,,,,,
,,,,,,,,,,,,,,,,,,,,,,,,,,,,,,,,,
,,,,,,,,,,,,,,,,,,,,,,,,,,,,,,,,,
,,,,,,,,,,,,,,,,,,,,,,,,,,,,,,,,,
,,,,,,,,,,,,,,,,,,,,,,,,,,,,,,,,,
,,,,,,,,,,,,,,,,,,,,,,,,,,,,,,,,,
,,,,,,,,,,,,,,,,,,,,,,,,,,,,,,,,,
,,,,,,,,,,,,,,,,,,,,,,,,,,,,,,,,,
,,,,,,,,,,,,,,,,,,,,,,,,,,,,,,,,,
,,,,,,,,,,,,,,,,,,,,,,,,,,,,,,,,,
,,,,,,,,,,,,,,,,,,,,,,,,,,,,,,,,,
,,,,,,,,,,,,,,,,,,,,,,,,,,,,,,,,,
,,,,,,,,,,,,,,,,,,,,,,,,,,,,,,,,,
,,,,,,,,,,,,,,,,,,,,,,,,,,,,,,,,,
,,,,,,,,,,,,,,,,,,,,,,,,,,,,,,,,,
,,,,,,,,,,,,,,,,,,,,,,,,,,,,,,,,,
,,,,,,,,,,,,,,,,,,,,,,,,,,,,,,,,,
,,,,,,,,,,,,,,,,,,,,,,,,,,,,,,,,,
,,,,,,,,,,,,,,,,,,,,,,,,,,,,,,,,,
,,,,,,,,,,,,,,,,,,,,,,,,,,,,,,,,,
,,,,,,,,,,,,,,,,,,,,,,,,,,,,,,,,,
,,,,,,,,,,,,,,,,,,,,,,,,,,,,,,,,,
,,,,,,,,,,,,,,,,,,,,,,,,,,,,,,,,,
,,,,,,,,,,,,,,,,,,,,,,,,,,,,,,,,,
,,,,,,,,,,,,,,,,,,,,,,,,,,,,,,,,,
,,,,,,,,,,,,,,,,,,,,,,,,,,,,,,,,,
,,,,,,,,,,,,,,,,,,,,,,,,,,,,,,,,,
,,,,,,,,,,,,,,,,,,,,,,,,,,,,,,,,,
,,,,,,,,,,,,,,,,,,,,,,,,,,,,,,,,,
,,,,,,,,,,,,,,,,,,,,,,,,,,,,,,,,,
,,,,,,,,,,,,,,,,,,,,,,,,,,,,,,,,,
,,,,,,,,,,,,,,,,,,,,,,,,,,,,,,,,,
,,,,,,,,,,,,,,,,,,,,,,,,,,,,,,,,,
,,,,,,,,,,,,,,,,,,,,,,,,,,,,,,,,,
,,,,,,,,,,,,,,,,,,,,,,,,,,,,,,,,,
,,,,,,,,,,,,,,,,,,,,,,,,,,,,,,,,,
,,,,,,,,,,,,,,,,,,,,,,,,,,,,,,,,,
,,,,,,,,,,,,,,,,,,,,,,,,,,,,,,,,,
,,,,,,,,,,,,,,,,,,,,,,,,,,,,,,,,,
,,,,,,,,,,,,,,,,,,,,,,,,,,,,,,,,,
,,,,,,,,,,,,,,,,,,,,,,,,,,,,,,,,,
,,,,,,,,,,,,,,,,,,,,,,,,,,,,,,,,,
,,,,,,,,,,,,,,,,,,,,,,,,,,,,,,,,,
,,,,,,,,,,,,,,,,,,,,,,,,,,,,,,,,,
,,,,,,,,,,,,,,,,,,,,,,,,,,,,,,,,,
,,,,,,,,,,,,,,,,,,,,,,,,,,,,,,,,,
,,,,,,,,,,,,,,,,,,,,,,,,,,,,,,,,,
,,,,,,,,,,,,,,,,,,,,,,,,,,,,,,,,,
,,,,,,,,,,,,,,,,,,,,,,,,,,,,,,,,,
,,,,,,,,,,,,,,,,,,,,,,,,,,,,,,,,,
,,,,,,,,,,,,,,,,,,,,,,,,,,,,,,,,,
,,,,,,,,,,,,,,,,,,,,,,,,,,,,,,,,,
,,,,,,,,,,,,,,,,,,,,,,,,,,,,,,,,,
,,,,,,,,,,,,,,,,,,,,,,,,,,,,,,,,,
,,,,,,,,,,,,,,,,,,,,,,,,,,,,,,,,,
,,,,,,,,,,,,,,,,,,,,,,,,,,,,,,,,,
,,,,,,,,,,,,,,,,,,,,,,,,,,,,,,,,,
,,,,,,,,,,,,,,,,,,,,,,,,,,,,,,,,,
,,,,,,,,,,,,,,,,,,,,,,,,,,,,,,,,,
,,,,,,,,,,,,,,,,,,,,,,,,,,,,,,,,,
,,,,,,,,,,,,,,,,,,,,,,,,,,,,,,,,,
,,,,,,,,,,,,,,,,,,,,,,,,,,,,,,,,,
,,,,,,,,,,,,,,,,,,,,,,,,,,,,,,,,,
,,,,,,,,,,,,,,,,,,,,,,,,,,,,,,,,,
,,,,,,,,,,,,,,,,,,,,,,,,,,,,,,,,,
,,,,,,,,,,,,,,,,,,,,,,,,,,,,,,,,,
,,,,,,,,,,,,,,,,,,,,,,,,,,,,,,,,,
,,,,,,,,,,,,,,,,,,,,,,,,,,,,,,,,,
,,,,,,,,,,,,,,,,,,,,,,,,,,,,,,,,,
,,,,,,,,,,,,,,,,,,,,,,,,,,,,,,,,,
,,,,,,,,,,,,,,,,,,,,,,,,,,,,,,,,,
,,,,,,,,,,,,,,,,,,,,,,,,,,,,,,,,,
,,,,,,,,,,,,,,,,,,,,,,,,,,,,,,,,,
,,,,,,,,,,,,,,,,,,,,,,,,,,,,,,,,,
,,,,,,,,,,,,,,,,,,,,,,,,,,,,,,,,,
,,,,,,,,,,,,,,,,,,,,,,,,,,,,,,,,,
,,,,,,,,,,,,,,,,,,,,,,,,,,,,,,,,,
,,,,,,,,,,,,,,,,,,,,,,,,,,,,,,,,,
,,,,,,,,,,,,,,,,,,,,,,,,,,,,,,,,,
,,,,,,,,,,,,,,,,,,,,,,,,,,,,,,,,,
,,,,,,,,,,,,,,,,,,,,,,,,,,,,,,,,,
,,,,,,,,,,,,,,,,,,,,,,,,,,,,,,,,,
,,,,,,,,,,,,,,,,,,,,,,,,,,,,,,,,,
,,,,,,,,,,,,,,,,,,,,,,,,,,,,,,,,,
,,,,,,,,,,,,,,,,,,,,,,,,,,,,,,,,,
,,,,,,,,,,,,,,,,,,,,,,,,,,,,,,,,,
,,,,,,,,,,,,,,,,,,,,,,,,,,,,,,,,,
,,,,,,,,,,,,,,,,,,,,,,,,,,,,,,,,,
,,,,,,,,,,,,,,,,,,,,,,,,,,,,,,,,,
,,,,,,,,,,,,,,,,,,,,,,,,,,,,,,,,,
,,,,,,,,,,,,,,,,,,,,,,,,,,,,,,,,,
,,,,,,,,,,,,,,,,,,,,,,,,,,,,,,,,,
,,,,,,,,,,,,,,,,,,,,,,,,,,,,,,,,,
,,,,,,,,,,,,,,,,,,,,,,,,,,,,,,,,,
,,,,,,,,,,,,,,,,,,,,,,,,,,,,,,,,,
,,,,,,,,,,,,,,,,,,,,,,,,,,,,,,,,,
,,,,,,,,,,,,,,,,,,,,,,,,,,,,,,,,,
,,,,,,,,,,,,,,,,,,,,,,,,,,,,,,,,,
,,,,,,,,,,,,,,,,,,,,,,,,,,,,,,,,,
,,,,,,,,,,,,,,,,,,,,,,,,,,,,,,,,,
,,,,,,,,,,,,,,,,,,,,,,,,,,,,,,,,,
,,,,,,,,,,,,,,,,,,,,,,,,,,,,,,,,,
,,,,,,,,,,,,,,,,,,,,,,,,,,,,,,,,,
,,,,,,,,,,,,,,,,,,,,,,,,,,,,,,,,,
,,,,,,,,,,,,,,,,,,,,,,,,,,,,,,,,,
,,,,,,,,,,,,,,,,,,,,,,,,,,,,,,,,,
,,,,,,,,,,,,,,,,,,,,,,,,,,,,,,,,,
,,,,,,,,,,,,,,,,,,,,,,,,,,,,,,,,,
,,,,,,,,,,,,,,,,,,,,,,,,,,,,,,,,,
,,,,,,,,,,,,,,,,,,,,,,,,,,,,,,,,,
,,,,,,,,,,,,,,,,,,,,,,,,,,,,,,,,,
,,,,,,,,,,,,,,,,,,,,,,,,,,,,,,,,,
,,,,,,,,,,,,,,,,,,,,,,,,,,,,,,,,,
,,,,,,,,,,,,,,,,,,,,,,,,,,,,,,,,,
,,,,,,,,,,,,,,,,,,,,,,,,,,,,,,,,,
,,,,,,,,,,,,,,,,,,,,,,,,,,,,,,,,,
,,,,,,,,,,,,,,,,,,,,,,,,,,,,,,,,,
,,,,,,,,,,,,,,,,,,,,,,,,,,,,,,,,,
,,,,,,,,,,,,,,,,,,,,,,,,,,,,,,,,,
,,,,,,,,,,,,,,,,,,,,,,,,,,,,,,,,,
,,,,,,,,,,,,,,,,,,,,,,,,,,,,,,,,,
,,,,,,,,,,,,,,,,,,,,,,,,,,,,,,,,,
,,,,,,,,,,,,,,,,,,,,,,,,,,,,,,,,,
,,,,,,,,,,,,,,,,,,,,,,,,,,,,,,,,,
,,,,,,,,,,,,,,,,,,,,,,,,,,,,,,,,,
,,,,,,,,,,,,,,,,,,,,,,,,,,,,,,,,,
,,,,,,,,,,,,,,,,,,,,,,,,,,,,,,,,,
,,,,,,,,,,,,,,,,,,,,,,,,,,,,,,,,,
,,,,,,,,,,,,,,,,,,,,,,,,,,,,,,,,,
,,,,,,,,,,,,,,,,,,,,,,,,,,,,,,,,,
,,,,,,,,,,,,,,,,,,,,,,,,,,,,,,,,,
,,,,,,,,,,,,,,,,,,,,,,,,,,,,,,,,,
,,,,,,,,,,,,,,,,,,,,,,,,,,,,,,,,,
,,,,,,,,,,,,,,,,,,,,,,,,,,,,,,,,,
,,,,,,,,,,,,,,,,,,,,,,,,,,,,,,,,,
,,,,,,,,,,,,,,,,,,,,,,,,,,,,,,,,,
,,,,,,,,,,,,,,,,,,,,,,,,,,,,,,,,,
,,,,,,,,,,,,,,,,,,,,,,,,,,,,,,,,,
,,,,,,,,,,,,,,,,,,,,,,,,,,,,,,,,,
,,,,,,,,,,,,,,,,,,,,,,,,,,,,,,,,,
,,,,,,,,,,,,,,,,,,,,,,,,,,,,,,,,,
,,,,,,,,,,,,,,,,,,,,,,,,,,,,,,,,,
,,,,,,,,,,,,,,,,,,,,,,,,,,,,,,,,,
,,,,,,,,,,,,,,,,,,,,,,,,,,,,,,,,,
,,,,,,,,,,,,,,,,,,,,,,,,,,,,,,,,,
,,,,,,,,,,,,,,,,,,,,,,,,,,,,,,,,,
,,,,,,,,,,,,,,,,,,,,,,,,,,,,,,,,,
,,,,,,,,,,,,,,,,,,,,,,,,,,,,,,,,,
,,,,,,,,,,,,,,,,,,,,,,,,,,,,,,,,,
,,,,,,,,,,,,,,,,,,,,,,,,,,,,,,,,,
,,,,,,,,,,,,,,,,,,,,,,,,,,,,,,,,,
,,,,,,,,,,,,,,,,,,,,,,,,,,,,,,,,,
,,,,,,,,,,,,,,,,,,,,,,,,,,,,,,,,,
,,,,,,,,,,,,,,,,,,,,,,,,,,,,,,,,,
,,,,,,,,,,,,,,,,,,,,,,,,,,,,,,,,,
,,,,,,,,,,,,,,,,,,,,,,,,,,,,,,,,,
,,,,,,,,,,,,,,,,,,,,,,,,,,,,,,,,,
,,,,,,,,,,,,,,,,,,,,,,,,,,,,,,,,,
,,,,,,,,,,,,,,,,,,,,,,,,,,,,,,,,,
,,,,,,,,,,,,,,,,,,,,,,,,,,,,,,,,,
,,,,,,,,,,,,,,,,,,,,,,,,,,,,,,,,,
,,,,,,,,,,,,,,,,,,,,,,,,,,,,,,,,,
,,,,,,,,,,,,,,,,,,,,,,,,,,,,,,,,,
,,,,,,,,,,,,,,,,,,,,,,,,,,,,,,,,,
,,,,,,,,,,,,,,,,,,,,,,,,,,,,,,,,,
,,,,,,,,,,,,,,,,,,,,,,,,,,,,,,,,,
,,,,,,,,,,,,,,,,,,,,,,,,,,,,,,,,,
,,,,,,,,,,,,,,,,,,,,,,,,,,,,,,,,,
,,,,,,,,,,,,,,,,,,,,,,,,,,,,,,,,,
,,,,,,,,,,,,,,,,,,,,,,,,,,,,,,,,,
,,,,,,,,,,,,,,,,,,,,,,,,,,,,,,,,,
,,,,,,,,,,,,,,,,,,,,,,,,,,,,,,,,,
,,,,,,,,,,,,,,,,,,,,,,,,,,,,,,,,,
,,,,,,,,,,,,,,,,,,,,,,,,,,,,,,,,,
,,,,,,,,,,,,,,,,,,,,,,,,,,,,,,,,,
,,,,,,,,,,,,,,,,,,,,,,,,,,,,,,,,,
,,,,,,,,,,,,,,,,,,,,,,,,,,,,,,,,,
,,,,,,,,,,,,,,,,,,,,,,,,,,,,,,,,,
,,,,,,,,,,,,,,,,,,,,,,,,,,,,,,,,,
,,,,,,,,,,,,,,,,,,,,,,,,,,,,,,,,,
,,,,,,,,,,,,,,,,,,,,,,,,,,,,,,,,,
,,,,,,,,,,,,,,,,,,,,,,,,,,,,,,,,,
,,,,,,,,,,,,,,,,,,,,,,,,,,,,,,,,,
,,,,,,,,,,,,,,,,,,,,,,,,,,,,,,,,,
,,,,,,,,,,,,,,,,,,,,,,,,,,,,,,,,,
,,,,,,,,,,,,,,,,,,,,,,,,,,,,,,,,,
,,,,,,,,,,,,,,,,,,,,,,,,,,,,,,,,,
,,,,,,,,,,,,,,,,,,,,,,,,,,,,,,,,,
,,,,,,,,,,,,,,,,,,,,,,,,,,,,,,,,,
,,,,,,,,,,,,,,,,,,,,,,,,,,,,,,,,,
,,,,,,,,,,,,,,,,,,,,,,,,,,,,,,,,,
,,,,,,,,,,,,,,,,,,,,,,,,,,,,,,,,,
,,,,,,,,,,,,,,,,,,,,,,,,,,,,,,,,,
,,,,,,,,,,,,,,,,,,,,,,,,,,,,,,,,,
,,,,,,,,,,,,,,,,,,,,,,,,,,,,,,,,,
,,,,,,,,,,,,,,,,,,,,,,,,,,,,,,,,,
,,,,,,,,,,,,,,,,,,,,,,,,,,,,,,,,,
,,,,,,,,,,,,,,,,,,,,,,,,,,,,,,,,,
,,,,,,,,,,,,,,,,,,,,,,,,,,,,,,,,,
,,,,,,,,,,,,,,,,,,,,,,,,,,,,,,,,,
,,,,,,,,,,,,,,,,,,,,,,,,,,,,,,,,,
,,,,,,,,,,,,,,,,,,,,,,,,,,,,,,,,,
,,,,,,,,,,,,,,,,,,,,,,,,,,,,,,,,,
,,,,,,,,,,,,,,,,,,,,,,,,,,,,,,,,,
,,,,,,,,,,,,,,,,,,,,,,,,,,,,,,,,,
,,,,,,,,,,,,,,,,,,,,,,,,,,,,,,,,,
,,,,,,,,,,,,,,,,,,,,,,,,,,,,,,,,,
,,,,,,,,,,,,,,,,,,,,,,,,,,,,,,,,,
,,,,,,,,,,,,,,,,,,,,,,,,,,,,,,,,,
,,,,,,,,,,,,,,,,,,,,,,,,,,,,,,,,,
,,,,,,,,,,,,,,,,,,,,,,,,,,,,,,,,,
,,,,,,,,,,,,,,,,,,,,,,,,,,,,,,,,,
,,,,,,,,,,,,,,,,,,,,,,,,,,,,,,,,,
,,,,,,,,,,,,,,,,,,,,,,,,,,,,,,,,,
,,,,,,,,,,,,,,,,,,,,,,,,,,,,,,,,,
,,,,,,,,,,,,,,,,,,,,,,,,,,,,,,,,,
,,,,,,,,,,,,,,,,,,,,,,,,,,,,,,,,,
,,,,,,,,,,,,,,,,,,,,,,,,,,,,,,,,,
,,,,,,,,,,,,,,,,,,,,,,,,,,,,,,,,,
,,,,,,,,,,,,,,,,,,,,,,,,,,,,,,,,,
,,,,,,,,,,,,,,,,,,,,,,,,,,,,,,,,,
,,,,,,,,,,,,,,,,,,,,,,,,,,,,,,,,,
,,,,,,,,,,,,,,,,,,,,,,,,,,,,,,,,,
,,,,,,,,,,,,,,,,,,,,,,,,,,,,,,,,,
,,,,,,,,,,,,,,,,,,,,,,,,,,,,,,,,,
,,,,,,,,,,,,,,,,,,,,,,,,,,,,,,,,,
,,,,,,,,,,,,,,,,,,,,,,,,,,,,,,,,,
,,,,,,,,,,,,,,,,,,,,,,,,,,,,,,,,,
,,,,,,,,,,,,,,,,,,,,,,,,,,,,,,,,,
,,,,,,,,,,,,,,,,,,,,,,,,,,,,,,,,,
,,,,,,,,,,,,,,,,,,,,,,,,,,,,,,,,,
,,,,,,,,,,,,,,,,,,,,,,,,,,,,,,,,,
,,,,,,,,,,,,,,,,,,,,,,,,,,,,,,,,,
,,,,,,,,,,,,,,,,,,,,,,,,,,,,,,,,,
,,,,,,,,,,,,,,,,,,,,,,,,,,,,,,,,,
,,,,,,,,,,,,,,,,,,,,,,,,,,,,,,,,,
,,,,,,,,,,,,,,,,,,,,,,,,,,,,,,,,,
,,,,,,,,,,,,,,,,,,,,,,,,,,,,,,,,,
,,,,,,,,,,,,,,,,,,,,,,,,,,,,,,,,,
,,,,,,,,,,,,,,,,,,,,,,,,,,,,,,,,,
,,,,,,,,,,,,,,,,,,,,,,,,,,,,,,,,,
,,,,,,,,,,,,,,,,,,,,,,,,,,,,,,,,,
,,,,,,,,,,,,,,,,,,,,,,,,,,,,,,,,,
,,,,,,,,,,,,,,,,,,,,,,,,,,,,,,,,,
,,,,,,,,,,,,,,,,,,,,,,,,,,,,,,,,,
,,,,,,,,,,,,,,,,,,,,,,,,,,,,,,,,,
,,,,,,,,,,,,,,,,,,,,,,,,,,,,,,,,,
,,,,,,,,,,,,,,,,,,,,,,,,,,,,,,,,,
,,,,,,,,,,,,,,,,,,,,,,,,,,,,,,,,,
,,,,,,,,,,,,,,,,,,,,,,,,,,,,,,,,,
,,,,,,,,,,,,,,,,,,,,,,,,,,,,,,,,,
,,,,,,,,,,,,,,,,,,,,,,,,,,,,,,,,,
,,,,,,,,,,,,,,,,,,,,,,,,,,,,,,,,,
,,,,,,,,,,,,,,,,,,,,,,,,,,,,,,,,,
,,,,,,,,,,,,,,,,,,,,,,,,,,,,,,,,,
,,,,,,,,,,,,,,,,,,,,,,,,,,,,,,,,,
,,,,,,,,,,,,,,,,,,,,,,,,,,,,,,,,,
,,,,,,,,,,,,,,,,,,,,,,,,,,,,,,,,,
,,,,,,,,,,,,,,,,,,,,,,,,,,,,,,,,,
,,,,,,,,,,,,,,,,,,,,,,,,,,,,,,,,,
,,,,,,,,,,,,,,,,,,,,,,,,,,,,,,,,,
,,,,,,,,,,,,,,,,,,,,,,,,,,,,,,,,,
,,,,,,,,,,,,,,,,,,,,,,,,,,,,,,,,,
,,,,,,,,,,,,,,,,,,,,,,,,,,,,,,,,,
,,,,,,,,,,,,,,,,,,,,,,,,,,,,,,,,,
,,,,,,,,,,,,,,,,,,,,,,,,,,,,,,,,,
,,,,,,,,,,,,,,,,,,,,,,,,,,,,,,,,,
,,,,,,,,,,,,,,,,,,,,,,,,,,,,,,,,,
,,,,,,,,,,,,,,,,,,,,,,,,,,,,,,,,,
,,,,,,,,,,,,,,,,,,,,,,,,,,,,,,,,,
,,,,,,,,,,,,,,,,,,,,,,,,,,,,,,,,,
,,,,,,,,,,,,,,,,,,,,,,,,,,,,,,,,,
,,,,,,,,,,,,,,,,,,,,,,,,,,,,,,,,,
,,,,,,,,,,,,,,,,,,,,,,,,,,,,,,,,,
,,,,,,,,,,,,,,,,,,,,,,,,,,,,,,,,,
,,,,,,,,,,,,,,,,,,,,,,,,,,,,,,,,,
,,,,,,,,,,,,,,,,,,,,,,,,,,,,,,,,,
,,,,,,,,,,,,,,,,,,,,,,,,,,,,,,,,,
,,,,,,,,,,,,,,,,,,,,,,,,,,,,,,,,,
,,,,,,,,,,,,,,,,,,,,,,,,,,,,,,,,,
,,,,,,,,,,,,,,,,,,,,,,,,,,,,,,,,,
,,,,,,,,,,,,,,,,,,,,,,,,,,,,,,,,,
,,,,,,,,,,,,,,,,,,,,,,,,,,,,,,,,,
,,,,,,,,,,,,,,,,,,,,,,,,,,,,,,,,,
,,,,,,,,,,,,,,,,,,,,,,,,,,,,,,,,,
,,,,,,,,,,,,,,,,,,,,,,,,,,,,,,,,,
,,,,,,,,,,,,,,,,,,,,,,,,,,,,,,,,,
,,,,,,,,,,,,,,,,,,,,,,,,,,,,,,,,,
,,,,,,,,,,,,,,,,,,,,,,,,,,,,,,,,,
,,,,,,,,,,,,,,,,,,,,,,,,,,,,,,,,,
,,,,,,,,,,,,,,,,,,,,,,,,,,,,,,,,,
,,,,,,,,,,,,,,,,,,,,,,,,,,,,,,,,,
,,,,,,,,,,,,,,,,,,,,,,,,,,,,,,,,,
,,,,,,,,,,,,,,,,,,,,,,,,,,,,,,,,,
,,,,,,,,,,,,,,,,,,,,,,,,,,,,,,,,,
,,,,,,,,,,,,,,,,,,,,,,,,,,,,,,,,,
,,,,,,,,,,,,,,,,,,,,,,,,,,,,,,,,,
,,,,,,,,,,,,,,,,,,,,,,,,,,,,,,,,,
,,,,,,,,,,,,,,,,,,,,,,,,,,,,,,,,,
,,,,,,,,,,,,,,,,,,,,,,,,,,,,,,,,,
,,,,,,,,,,,,,,,,,,,,,,,,,,,,,,,,,
,,,,,,,,,,,,,,,,,,,,,,,,,,,,,,,,,
,,,,,,,,,,,,,,,,,,,,,,,,,,,,,,,,,
,,,,,,,,,,,,,,,,,,,,,,,,,,,,,,,,,
,,,,,,,,,,,,,,,,,,,,,,,,,,,,,,,,,
,,,,,,,,,,,,,,,,,,,,,,,,,,,,,,,,,
,,,,,,,,,,,,,,,,,,,,,,,,,,,,,,,,,
,,,,,,,,,,,,,,,,,,,,,,,,,,,,,,,,,
,,,,,,,,,,,,,,,,,,,,,,,,,,,,,,,,,
,,,,,,,,,,,,,,,,,,,,,,,,,,,,,,,,,
,,,,,,,,,,,,,,,,,,,,,,,,,,,,,,,,,
,,,,,,,,,,,,,,,,,,,,,,,,,,,,,,,,,
,,,,,,,,,,,,,,,,,,,,,,,,,,,,,,,,,
,,,,,,,,,,,,,,,,,,,,,,,,,,,,,,,,,
,,,,,,,,,,,,,,,,,,,,,,,,,,,,,,,,,
,,,,,,,,,,,,,,,,,,,,,,,,,,,,,,,,,
,,,,,,,,,,,,,,,,,,,,,,,,,,,,,,,,,
,,,,,,,,,,,,,,,,,,,,,,,,,,,,,,,,,
,,,,,,,,,,,,,,,,,,,,,,,,,,,,,,,,,
,,,,,,,,,,,,,,,,,,,,,,,,,,,,,,,,,
,,,,,,,,,,,,,,,,,,,,,,,,,,,,,,,,,
,,,,,,,,,,,,,,,,,,,,,,,,,,,,,,,,,
,,,,,,,,,,,,,,,,,,,,,,,,,,,,,,,,,
,,,,,,,,,,,,,,,,,,,,,,,,,,,,,,,,,
,,,,,,,,,,,,,,,,,,,,,,,,,,,,,,,,,
,,,,,,,,,,,,,,,,,,,,,,,,,,,,,,,,,
,,,,,,,,,,,,,,,,,,,,,,,,,,,,,,,,,
,,,,,,,,,,,,,,,,,,,,,,,,,,,,,,,,,
,,,,,,,,,,,,,,,,,,,,,,,,,,,,,,,,,
,,,,,,,,,,,,,,,,,,,,,,,,,,,,,,,,,
,,,,,,,,,,,,,,,,,,,,,,,,,,,,,,,,,
,,,,,,,,,,,,,,,,,,,,,,,,,,,,,,,,,
,,,,,,,,,,,,,,,,,,,,,,,,,,,,,,,,,
,,,,,,,,,,,,,,,,,,,,,,,,,,,,,,,,,
,,,,,,,,,,,,,,,,,,,,,,,,,,,,,,,,,
,,,,,,,,,,,,,,,,,,,,,,,,,,,,,,,,,
,,,,,,,,,,,,,,,,,,,,,,,,,,,,,,,,,
,,,,,,,,,,,,,,,,,,,,,,,,,,,,,,,,,
,,,,,,,,,,,,,,,,,,,,,,,,,,,,,,,,,
,,,,,,,,,,,,,,,,,,,,,,,,,,,,,,,,,
,,,,,,,,,,,,,,,,,,,,,,,,,,,,,,,,,
,,,,,,,,,,,,,,,,,,,,,,,,,,,,,,,,,
,,,,,,,,,,,,,,,,,,,,,,,,,,,,,,,,,
,,,,,,,,,,,,,,,,,,,,,,,,,,,,,,,,,
,,,,,,,,,,,,,,,,,,,,,,,,,,,,,,,,,
,,,,,,,,,,,,,,,,,,,,,,,,,,,,,,,,,
,,,,,,,,,,,,,,,,,,,,,,,,,,,,,,,,,
,,,,,,,,,,,,,,,,,,,,,,,,,,,,,,,,,
,,,,,,,,,,,,,,,,,,,,,,,,,,,,,,,,,
,,,,,,,,,,,,,,,,,,,,,,,,,,,,,,,,,
,,,,,,,,,,,,,,,,,,,,,,,,,,,,,,,,,
,,,,,,,,,,,,,,,,,,,,,,,,,,,,,,,,,
,,,,,,,,,,,,,,,,,,,,,,,,,,,,,,,,,
,,,,,,,,,,,,,,,,,,,,,,,,,,,,,,,,,
,,,,,,,,,,,,,,,,,,,,,,,,,,,,,,,,,
,,,,,,,,,,,,,,,,,,,,,,,,,,,,,,,,,
,,,,,,,,,,,,,,,,,,,,,,,,,,,,,,,,,
,,,,,,,,,,,,,,,,,,,,,,,,,,,,,,,,,
,,,,,,,,,,,,,,,,,,,,,,,,,,,,,,,,,
,,,,,,,,,,,,,,,,,,,,,,,,,,,,,,,,,
,,,,,,,,,,,,,,,,,,,,,,,,,,,,,,,,,
,,,,,,,,,,,,,,,,,,,,,,,,,,,,,,,,,
,,,,,,,,,,,,,,,,,,,,,,,,,,,,,,,,,
,,,,,,,,,,,,,,,,,,,,,,,,,,,,,,,,,
,,,,,,,,,,,,,,,,,,,,,,,,,,,,,,,,,
,,,,,,,,,,,,,,,,,,,,,,,,,,,,,,,,,
,,,,,,,,,,,,,,,,,,,,,,,,,,,,,,,,,
,,,,,,,,,,,,,,,,,,,,,,,,,,,,,,,,,
,,,,,,,,,,,,,,,,,,,,,,,,,,,,,,,,,
,,,,,,,,,,,,,,,,,,,,,,,,,,,,,,,,,
,,,,,,,,,,,,,,,,,,,,,,,,,,,,,,,,,
,,,,,,,,,,,,,,,,,,,,,,,,,,,,,,,,,
,,,,,,,,,,,,,,,,,,,,,,,,,,,,,,,,,
,,,,,,,,,,,,,,,,,,,,,,,,,,,,,,,,,
,,,,,,,,,,,,,,,,,,,,,,,,,,,,,,,,,
,,,,,,,,,,,,,,,,,,,,,,,,,,,,,,,,,
,,,,,,,,,,,,,,,,,,,,,,,,,,,,,,,,,
,,,,,,,,,,,,,,,,,,,,,,,,,,,,,,,,,
,,,,,,,,,,,,,,,,,,,,,,,,,,,,,,,,,
,,,,,,,,,,,,,,,,,,,,,,,,,,,,,,,,,
,,,,,,,,,,,,,,,,,,,,,,,,,,,,,,,,,
,,,,,,,,,,,,,,,,,,,,,,,,,,,,,,,,,
,,,,,,,,,,,,,,,,,,,,,,,,,,,,,,,,,
,,,,,,,,,,,,,,,,,,,,,,,,,,,,,,,,,
,,,,,,,,,,,,,,,,,,,,,,,,,,,,,,,,,
,,,,,,,,,,,,,,,,,,,,,,,,,,,,,,,,,
,,,,,,,,,,,,,,,,,,,,,,,,,,,,,,,,,
,,,,,,,,,,,,,,,,,,,,,,,,,,,,,,,,,
,,,,,,,,,,,,,,,,,,,,,,,,,,,,,,,,,
,,,,,,,,,,,,,,,,,,,,,,,,,,,,,,,,,
,,,,,,,,,,,,,,,,,,,,,,,,,,,,,,,,,
,,,,,,,,,,,,,,,,,,,,,,,,,,,,,,,,,
,,,,,,,,,,,,,,,,,,,,,,,,,,,,,,,,,
,,,,,,,,,,,,,,,,,,,,,,,,,,,,,,,,,
,,,,,,,,,,,,,,,,,,,,,,,,,,,,,,,,,
,,,,,,,,,,,,,,,,,,,,,,,,,,,,,,,,,
,,,,,,,,,,,,,,,,,,,,,,,,,,,,,,,,,
,,,,,,,,,,,,,,,,,,,,,,,,,,,,,,,,,
,,,,,,,,,,,,,,,,,,,,,,,,,,,,,,,,,
,,,,,,,,,,,,,,,,,,,,,,,,,,,,,,,,,
,,,,,,,,,,,,,,,,,,,,,,,,,,,,,,,,,
,,,,,,,,,,,,,,,,,,,,,,,,,,,,,,,,,
,,,,,,,,,,,,,,,,,,,,,,,,,,,,,,,,,
,,,,,,,,,,,,,,,,,,,,,,,,,,,,,,,,,
,,,,,,,,,,,,,,,,,,,,,,,,,,,,,,,,,
,,,,,,,,,,,,,,,,,,,,,,,,,,,,,,,,,
,,,,,,,,,,,,,,,,,,,,,,,,,,,,,,,,,
,,,,,,,,,,,,,,,,,,,,,,,,,,,,,,,,,
,,,,,,,,,,,,,,,,,,,,,,,,,,,,,,,,,
,,,,,,,,,,,,,,,,,,,,,,,,,,,,,,,,,
,,,,,,,,,,,,,,,,,,,,,,,,,,,,,,,,,
,,,,,,,,,,,,,,,,,,,,,,,,,,,,,,,,,
,,,,,,,,,,,,,,,,,,,,,,,,,,,,,,,,,
,,,,,,,,,,,,,,,,,,,,,,,,,,,,,,,,,
,,,,,,,,,,,,,,,,,,,,,,,,,,,,,,,,,
,,,,,,,,,,,,,,,,,,,,,,,,,,,,,,,,,
,,,,,,,,,,,,,,,,,,,,,,,,,,,,,,,,,
,,,,,,,,,,,,,,,,,,,,,,,,,,,,,,,,,
,,,,,,,,,,,,,,,,,,,,,,,,,,,,,,,,,
,,,,,,,,,,,,,,,,,,,,,,,,,,,,,,,,,
,,,,,,,,,,,,,,,,,,,,,,,,,,,,,,,,,
,,,,,,,,,,,,,,,,,,,,,,,,,,,,,,,,,
,,,,,,,,,,,,,,,,,,,,,,,,,,,,,,,,,
,,,,,,,,,,,,,,,,,,,,,,,,,,,,,,,,,
,,,,,,,,,,,,,,,,,,,,,,,,,,,,,,,,,
,,,,,,,,,,,,,,,,,,,,,,,,,,,,,,,,,
,,,,,,,,,,,,,,,,,,,,,,,,,,,,,,,,,
,,,,,,,,,,,,,,,,,,,,,,,,,,,,,,,,,
,,,,,,,,,,,,,,,,,,,,,,,,,,,,,,,,,
,,,,,,,,,,,,,,,,,,,,,,,,,,,,,,,,,
,,,,,,,,,,,,,,,,,,,,,,,,,,,,,,,,,
,,,,,,,,,,,,,,,,,,,,,,,,,,,,,,,,,
,,,,,,,,,,,,,,,,,,,,,,,,,,,,,,,,,
,,,,,,,,,,,,,,,,,,,,,,,,,,,,,,,,,
,,,,,,,,,,,,,,,,,,,,,,,,,,,,,,,,,
,,,,,,,,,,,,,,,,,,,,,,,,,,,,,,,,,
,,,,,,,,,,,,,,,,,,,,,,,,,,,,,,,,,
,,,,,,,,,,,,,,,,,,,,,,,,,,,,,,,,,
,,,,,,,,,,,,,,,,,,,,,,,,,,,,,,,,,
,,,,,,,,,,,,,,,,,,,,,,,,,,,,,,,,,
,,,,,,,,,,,,,,,,,,,,,,,,,,,,,,,,,
,,,,,,,,,,,,,,,,,,,,,,,,,,,,,,,,,
,,,,,,,,,,,,,,,,,,,,,,,,,,,,,,,,,
,,,,,,,,,,,,,,,,,,,,,,,,,,,,,,,,,
,,,,,,,,,,,,,,,,,,,,,,,,,,,,,,,,,
,,,,,,,,,,,,,,,,,,,,,,,,,,,,,,,,,
,,,,,,,,,,,,,,,,,,,,,,,,,,,,,,,,,
,,,,,,,,,,,,,,,,,,,,,,,,,,,,,,,,,
,,,,,,,,,,,,,,,,,,,,,,,,,,,,,,,,,
,,,,,,,,,,,,,,,,,,,,,,,,,,,,,,,,,
,,,,,,,,,,,,,,,,,,,,,,,,,,,,,,,,,
,,,,,,,,,,,,,,,,,,,,,,,,,,,,,,,,,
,,,,,,,,,,,,,,,,,,,,,,,,,,,,,,,,,
,,,,,,,,,,,,,,,,,,,,,,,,,,,,,,,,,
,,,,,,,,,,,,,,,,,,,,,,,,,,,,,,,,,
,,,,,,,,,,,,,,,,,,,,,,,,,,,,,,,,,
,,,,,,,,,,,,,,,,,,,,,,,,,,,,,,,,,
,,,,,,,,,,,,,,,,,,,,,,,,,,,,,,,,,
,,,,,,,,,,,,,,,,,,,,,,,,,,,,,,,,,
,,,,,,,,,,,,,,,,,,,,,,,,,,,,,,,,,
,,,,,,,,,,,,,,,,,,,,,,,,,,,,,,,,,
,,,,,,,,,,,,,,,,,,,,,,,,,,,,,,,,,
,,,,,,,,,,,,,,,,,,,,,,,,,,,,,,,,,
,,,,,,,,,,,,,,,,,,,,,,,,,,,,,,,,,
,,,,,,,,,,,,,,,,,,,,,,,,,,,,,,,,,
,,,,,,,,,,,,,,,,,,,,,,,,,,,,,,,,,
,,,,,,,,,,,,,,,,,,,,,,,,,,,,,,,,,
,,,,,,,,,,,,,,,,,,,,,,,,,,,,,,,,,
,,,,,,,,,,,,,,,,,,,,,,,,,,,,,,,,,
,,,,,,,,,,,,,,,,,,,,,,,,,,,,,,,,,
,,,,,,,,,,,,,,,,,,,,,,,,,,,,,,,,,
,,,,,,,,,,,,,,,,,,,,,,,,,,,,,,,,,
,,,,,,,,,,,,,,,,,,,,,,,,,,,,,,,,,
,,,,,,,,,,,,,,,,,,,,,,,,,,,,,,,,,
,,,,,,,,,,,,,,,,,,,,,,,,,,,,,,,,,
,,,,,,,,,,,,,,,,,,,,,,,,,,,,,,,,,
,,,,,,,,,,,,,,,,,,,,,,,,,,,,,,,,,
,,,,,,,,,,,,,,,,,,,,,,,,,,,,,,,,,
,,,,,,,,,,,,,,,,,,,,,,,,,,,,,,,,,
,,,,,,,,,,,,,,,,,,,,,,,,,,,,,,,,,
,,,,,,,,,,,,,,,,,,,,,,,,,,,,,,,,,
,,,,,,,,,,,,,,,,,,,,,,,,,,,,,,,,,
,,,,,,,,,,,,,,,,,,,,,,,,,,,,,,,,,
,,,,,,,,,,,,,,,,,,,,,,,,,,,,,,,,,
,,,,,,,,,,,,,,,,,,,,,,,,,,,,,,,,,
,,,,,,,,,,,,,,,,,,,,,,,,,,,,,,,,,
,,,,,,,,,,,,,,,,,,,,,,,,,,,,,,,,,
,,,,,,,,,,,,,,,,,,,,,,,,,,,,,,,,,
,,,,,,,,,,,,,,,,,,,,,,,,,,,,,,,,,
